/* USER CODE BEGIN Header */
/**
  ******************************************************************************
  * @file           : main.c
  * @brief          : Main program body
  ******************************************************************************
  * @attention
  *
  * Copyright (c) 2025 STMicroelectronics.
  * All rights reserved.
  *
  * This software is licensed under terms that can be found in the LICENSE file
  * in the root directory of this software component.
  * If no LICENSE file comes with this software, it is provided AS-IS.
  *
  ******************************************************************************
  */
/* USER CODE END Header */
/* Includes ------------------------------------------------------------------*/
#include "main.h"

/* Private includes ----------------------------------------------------------*/
/* USER CODE BEGIN Includes */
#include "stdbool.h"
#include "stm32h7xx.h"
#include "stdio.h"
#include "arm_math.h"
#include "math.h"
#include <math.h>
#include <string.h>
#include "stdint.h"
#include "VozAnalisis.h"
#define ADC_VREF 3.3f
#define FS      16000.0f
#define FRAME   512
#define HOP     (FRAME/2)
#define LEN_SIGNAL 32000
#define MAX_FRAMES ((LEN_SIGNAL - FRAME) / HOP + 2)
#define PI 3.14159f

/* Estado FFT */
static arm_rfft_fast_instance_f32 fft_inst;
extern UART_HandleTypeDef huart3;
/* Buffers */
static float hann[FRAME];
static float frecuenciaBin[FRAME/2];
char buffer[64]; // Ajusta el tamaño según necesites
//char buffer[64]; // Ajusta el tamaño según necesites

static float spectrum[FRAME];
static float frame_buff[FRAME];
static float mag[FRAME/2];
/*
#define ADC_VREF 3.3f
#define FS 16000.0f
#define FRAME 512
#define HOP (FRAME/2) //256
#define LEN_SIGNAL 32000
#define MAX_FRAMES ((LEN_SIGNAL-FRAME)/HOP+2) //122
#define PI 3.14159f

#define MUESTRAS 10
#define FRAMES 122*/

/* USER CODE END Includes */

/* Private typedef -----------------------------------------------------------*/
/* USER CODE BEGIN PTD */
typedef enum{
	IDLE,
	MEASURE,
	MEAN,
	UART
}States;

typedef struct{
	float zcrPerfil[122];
	float centroidPerfil[122];
	float bwPerfil[122];
	float rolloffPerfil[122];
}modeloPersona;


/* USER CODE END PTD */

/* Private define ------------------------------------------------------------*/
/* USER CODE BEGIN PD */

volatile States devState = IDLE;
//volatile modelo

//Matrices
/*
float zcrPersona[MUESTRAS][FRAMES];
float centroidPersona[MUESTRAS][FRAMES];
float bwPersona[MUESTRAS][FRAMES];
float rolloffPersona[MUESTRAS][FRAMES];

//Arreglo final
float zcrPerf[FRAMES];
float centroidPerf[FRAMES];
float bwPerf[FRAMES];
float rolloffPerf[FRAMES];*/

static float frame_buff[FRAME];

//ADC 16-bit

volatile int16_t mic[32000] = {0};   // DMA
volatile bool adcReady=false;
uint8_t start=0,cont=0;

int16_t samples[] = {
25281, 23754, 15919, 18541, 19516, 19317, 20102, 21836, 22881, 23275, 22708, 21453, 23199, 20447, 21422, 23229, 24813, 25616, 25847, 27722, 22955, 23529, 24520, 22277, 24132, 25152, 26942, 26509, 29564, 30664, 28955, 25616, 24521, 26124, 25000, 22145, 22144, 25444, 26793, 28918, 28432, 27662, 27553, 24604, 20992, 19689, 22126, 22105, 25983, 25134, 23988, 23274, 22344, 24688, 24534, 20588, 20400, 20753, 19345, 19606, 19328, 20915, 21543, 22139, 23561, 25839, 24699, 24073, 24043, 26624, 25824, 25316, 25963, 26999, 26252, 27501, 27160, 27388, 27985, 28921, 29876, 33186, 32832, 31101, 29730, 28229, 26788, 23346, 20224, 20493, 20523, 20120, 21450, 23591, 25008, 23992, 22323, 21408, 22360, 23163, 24443, 26888, 28013, 28825, 29223, 29586, 29139, 28452, 25116, 25963, 29908, 32406, 28891, 26278, 23935, 24343, 26550, 28673, 27068, 24930, 23160, 25547, 27328, 26423, 26958, 27439, 27373, 27237, 24905, 25367, 26220, 26712, 27243, 25441, 22739, 23152, 24742, 26128, 27433, 27813, 25345, 26519, 27868, 26937, 27247, 26986, 23679, 25215, 26400, 26930, 24957, 24675, 26390, 26916, 25840, 24561, 25248, 25239, 28047, 31537, 31468, 29788, 28478, 30287, 31570, 29377, 25848, 24245, 25773, 26768, 24786, 23677, 24471, 24831, 25948, 24904, 23543, 23528, 22059, 24618, 26140, 26627, 24802, 22088, 21677, 23233, 22891, 20358, 19140, 20583, 22064, 24014, 25005, 24757, 25942, 26706, 27782, 27770, 27316, 24761, 24736, 25333, 28308, 29111, 28039, 30208, 33427, 33906, 33555, 30210, 28874, 28048, 27704, 27697, 25460, 24551, 25514, 25120, 26065, 25774, 24128, 23134, 25230, 26669, 27588, 27613, 28285, 29003, 27583, 27356, 27452, 25004, 24903, 24454, 24760, 25296, 25044, 24310, 26535, 29700, 30426, 27185, 25175, 24844, 27143, 27915, 27148, 25450, 24873, 26219, 27028, 26718, 26190, 24580, 22042, 23069, 24103, 23221, 21397, 22440, 24505, 24558, 23752, 23932, 24360, 25891, 26374, 26428, 25736, 25399, 25541, 27599, 30237, 29564, 27914, 25895, 25899, 28055, 26574, 26681, 27353, 28976, 28922, 26933, 24924, 24401, 22427, 20541, 21472, 23070, 24999, 26458, 28250, 30471, 30822, 31244, 29694, 30072, 29160, 28905, 27160, 26317, 25559, 25519, 25822, 26891, 25245, 25516, 23913, 23708, 25205, 26928, 27271, 26376, 25398, 23975, 22925, 20851, 19445, 19431, 19975, 20625, 21529, 23917, 25221, 27654, 29782, 29439, 28816, 29017, 28865, 28340, 28898, 29167, 29898, 29703, 30303, 30050, 28562, 28175, 27114, 23273, 23329, 25030, 23621, 22713, 23193, 25417, 24188, 24160, 23319, 22838, 22951, 21644, 22251, 24284, 25758, 27663, 27907, 29073, 29384, 28364, 27291, 28102, 28572, 27591, 27547, 28053, 29617, 28793, 28326, 27192, 26471, 25404, 22391, 23591, 25830, 27997, 27877, 27072, 26916, 25280, 23640, 21965, 22568, 22761, 23560, 23584, 24817, 26881, 27417, 26856, 27079, 26761, 23750, 23174, 21912, 21932, 22017, 23429, 25207, 24476, 25235, 25777, 25977, 26512, 25893, 24135, 23824, 24660, 26121, 28769, 28993, 30610, 30599, 26768, 25460, 25497, 25507, 26520, 25953, 27611, 28528, 28361, 26816, 25771, 26810, 25344, 23877, 23225, 23609, 23219, 23912, 24593, 25479, 25796, 24752, 27793, 27440, 26420, 23327, 23608, 25841, 26788, 25914, 23193, 24542, 24465, 21312, 20191, 19437, 20032, 20560, 21335, 22676, 25360, 26852, 27005, 27862, 27829, 25993, 25089, 25469, 26401, 26691, 28107, 29717, 30585, 28943, 28737, 29308, 28962, 26513, 24479, 23867, 24183, 25012, 24576, 24329, 25525, 26113, 26308, 24792, 23620, 23952, 24927, 24037, 23769, 24101, 26098, 26254, 26308, 24958, 22854, 22076, 23768, 25324, 25059, 26444, 27923, 30056, 29738, 31146, 30586, 30133, 28203, 26436, 27041, 27054, 25385, 24804, 24075, 23748, 23631, 21616, 19735, 20391, 19892, 19155, 18609, 19612, 22152, 24311, 26098, 25957, 25436, 24304, 24825, 25401, 27303, 28792, 28579, 28701, 29761, 29284, 27194, 25705, 25650, 24998, 23173, 23830, 24924, 25605, 28856, 30004, 30420, 29815, 28417, 27627, 28309, 28686, 26800, 25436, 25004, 26752, 27862, 27760, 28021, 28046, 27109, 26810, 26919, 26689, 27104, 26885, 27892, 28798, 30242, 29005, 27220, 26499, 25925, 25229, 24708, 25274, 25320, 26203, 26452, 27185, 25883, 24277, 22878, 22971, 21736, 21624, 20105, 21215, 23733, 24335, 25331, 24281, 23973, 24215, 27109, 28028, 27979, 27275, 27085, 27961, 28801, 28610, 25291, 24753, 24797, 23167, 22767, 22579, 23571, 24652, 25579, 26176, 24900, 25556, 22739, 22336, 22810, 20838, 19487, 19198, 21352, 23311, 23702, 25484, 25949, 26141, 26456, 26581, 27335, 29809, 29277, 28245, 29618, 31033, 28782, 24721, 23518, 24387, 25713, 25959, 25126, 24164, 24781, 25665, 24155, 21926, 21010, 20241, 15481, 14745, 9889, 14375, 18113, 23063, 20505, 19131, 20353, 25237, 28501, 26565, 24410, 22612, 24231, 26115, 26903, 25412, 24053, 21794, 21292, 23252, 25850, 26692, 25079, 23875, 27008, 27454, 26275, 22001, 20616, 21671, 22481, 22343, 21983, 22210, 22780, 23993, 26180, 26593, 27840, 27368, 27303, 27887, 28410, 28383, 28431, 27705, 27377, 29787, 29993, 30286, 28397, 29830, 29899, 30164, 30776, 28711, 27792, 28187, 28633, 26176, 25976, 25600, 25286, 24939, 24529, 25805, 26370, 25359, 25769, 27547, 30621, 31085, 30649, 30356, 31211, 31427, 31383, 28614, 27063, 27599, 27895, 26722, 25643, 24624, 24323, 23302, 26104, 26884, 26142, 26207, 26930, 28131, 28508, 28097, 26672, 26059, 26520, 25669, 25786, 24087, 23790, 24429, 25785, 27070, 26269, 25784, 27784, 29147, 29220, 27945, 27993, 29561, 30535, 30825, 31244, 30599, 29451, 29493, 29893, 29457, 28482, 27821, 27796, 25712, 24437, 23547, 22940, 22608, 22997, 21209, 21743, 21397, 20967, 21374, 21704, 24444, 25778, 25408, 24183, 25971, 26624, 26112, 26584, 26878, 26624, 26690, 26317, 25900, 27037, 26139, 26251, 26277, 26252, 26655, 27142, 23625, 23014, 24141, 23956, 22475, 22036, 20711, 19337, 19548, 21506, 20978, 21811, 23157, 24138, 26463, 27604, 27594, 27381, 28206, 27200, 29361, 29934, 29369, 29603, 28945, 28678, 30485, 28445, 27060, 25510, 25855, 25505, 23289, 22214, 23539, 23942, 23552, 24547, 24593, 24576, 23474, 23979, 23465, 24461, 23397, 23164, 23551, 25880, 27213, 27081, 26141, 25504, 25559, 24388, 24087, 23822, 23515, 23187, 23470, 22803, 22861, 22352, 23330, 23618, 22400, 22501, 23732, 24613, 26793, 26777, 28069, 28581, 29785, 30135, 28622, 28984, 29111, 27227, 27309, 28924, 28334, 28325, 27533, 27963, 28444, 27016, 25909, 25767, 25544, 25388, 24840, 24392, 23999, 24029, 23996, 23740, 23001, 23064, 22291, 23305, 24715, 25676, 26381, 26080, 26379, 28736, 28457, 28197, 27797, 26283, 24027, 22897, 24323, 24707, 23820, 24106, 25500, 26292, 25334, 22753, 22070, 21356, 21568, 20569, 19305, 20327, 21459, 22024, 23152, 24134, 25445, 26040, 26321, 27768, 29315, 28605, 27769, 26209, 25787, 26644, 26691, 24822, 23628, 21799, 23709, 25708, 25585, 26143, 26773, 28021, 29036, 28720, 27136, 24757, 24576, 24087, 23560, 22959, 23281, 24550, 23972, 25359, 26293, 26494, 26641, 28113, 28399, 28224, 27700, 27058, 27866, 28449, 27274, 25136, 24982, 24609, 24934, 24143, 23848, 24034, 23403, 23241, 24470, 25236, 24691, 22272, 21256, 21739, 22761, 23520, 21649, 20651, 22280, 24702, 24855, 25852, 25589, 27735, 28633, 28024, 28528, 28379, 27597, 28994, 29599, 27805, 25311, 24860, 27098, 28055, 26824, 25489, 24872, 24576, 23633, 25270, 25316, 24772, 23545, 24709, 23293, 23054, 22528, 23552, 24010, 25526, 24597, 24489, 22628, 24682, 26897, 28865, 28240, 28961, 28965, 30316, 30396, 29389, 28247, 27662, 27146, 27840, 26302, 23735, 22084, 22143, 22111, 22902, 23302, 24241, 24725, 25747, 25895, 27078, 24929, 24297, 24225, 26124, 27048, 26532, 25795, 25729, 27239, 28206, 28557, 28796, 27528, 27459, 27685, 27061, 26822, 27225, 25317, 23532, 23383, 23632, 23693, 21880, 22433, 23184, 23204, 23745, 25714, 26833, 25965, 26682, 27887, 27919, 28027, 27269, 26246, 26089, 24964, 25781, 27324, 29561, 29284, 29535, 28509, 29289, 28266, 27873, 26256, 25172, 23105, 23111, 22813, 22537, 22069, 21276, 21516, 21312, 19591, 20627, 23453, 25833, 27905, 27612, 29452, 29447, 29334, 28241, 26957, 26362, 26326, 28400, 29936, 30326, 30577, 30720, 33238, 33058, 33130, 31364, 29891, 27912, 26459, 26574, 24141, 22360, 20997, 20891, 20480, 21386, 22116, 22578, 22396, 24447, 25733, 27203, 27445, 26894, 27412, 28141, 26419, 24384, 24567, 25618, 27059, 29133, 28624, 29751, 31136, 30576, 30393, 29136, 27227, 26461, 24476, 22528, 21249, 20033, 18368, 17624, 17484, 18924, 19942, 21585, 23325, 25076, 25720, 27028, 27984, 29841, 29376, 27495, 26825, 27335, 25853, 25332, 24227, 23964, 24317, 25255, 24497, 25597, 25176, 25922, 25788, 24854, 22867, 21766, 19767, 18203, 17136, 18736, 20224, 22006, 22402, 25231, 28133, 30060, 29561, 30547, 29791, 30487, 29065, 29062, 28948, 27064, 25670, 25917, 26807, 27170, 26392, 27186, 27974, 28118, 29186, 28846, 26917, 25272, 22944, 21651, 21085, 20162, 19758, 20488, 21717, 23575, 25428, 26400, 26427, 27907, 29650, 30544, 31108, 29685, 29559, 28237, 28030, 28790, 28305, 25617, 25059, 24996, 25630, 24039, 22200, 23155, 23829, 23436, 21619, 21119, 19766, 16256, 15943, 15999, 18208, 19755, 21302, 22701, 24471, 25885, 28061, 29135, 29587, 30935, 29688, 30279, 29748, 29667, 28821, 28357, 27594, 27377, 27981, 27225, 28192, 28291, 27928, 28026, 26121, 25156, 25878, 26016, 27013, 27560, 26809, 27128, 26886, 27029, 28119, 29028, 29149, 29696, 31084, 32201, 31941, 32436, 30176, 28944, 26787, 28036, 26602, 24272, 22226, 21662, 21275, 22064, 21868, 21047, 20004, 19884, 20373, 18069, 14987, 15230, 17556, 20591, 22601, 23828, 25570, 28323, 29649, 31497, 31357, 30798, 31574, 31552, 32615, 33645, 32637, 30124, 27690, 25572, 26981, 27381, 26135, 23773, 24426, 24708, 23225, 20565, 18535, 16409, 16799, 18068, 19388, 21367, 24021, 26582, 30254, 31709, 30961, 28609, 27654, 28504, 29312, 29363, 28752, 26105, 26229, 27560, 29342, 29479, 25079, 21428, 19621, 20042, 20390, 20672, 19596, 18686, 18543, 19666, 19483, 19717, 19699, 22276, 25726, 28630, 29211, 28794, 29912, 31935, 31431, 29878, 29382, 29163, 28880, 29009, 27769, 27012, 27712, 24101, 22264, 20951, 19635, 19596, 19264, 18875, 20371, 21140, 21127, 20229, 22672, 24658, 23156, 22983, 22669, 25963, 25765, 26953, 29864, 32984, 33596, 32937, 34784, 36002, 35431, 36656, 36064, 34233, 32978, 31286, 29163, 27040, 22568, 19781, 18800, 16123, 15380, 16224, 17379, 18768, 18381, 17642, 17217, 18638, 20443, 19931, 20880, 23909, 25678, 25693, 26907, 28624, 30641, 31115, 30936, 30578, 30553, 29324, 28239, 27790, 24846, 24168, 24251, 23244, 23609, 23395, 22227, 23579, 26796, 27394, 24738, 23509, 24685, 27216, 27429, 27489, 26872, 26672, 28725, 29863, 30157, 29780, 29895, 28408, 28834, 31484, 33250, 34304, 31743, 27967, 27793, 30778, 29475, 24517, 20696, 20550, 24237, 26930, 24780, 24422, 23821, 24936, 26642, 26575, 23941, 22958, 24282, 26242, 26869, 25245, 24313, 25060, 26389, 25311, 26101, 24860, 23979, 27059, 29804, 31749, 31854, 29513, 27752, 25623, 23679, 22017, 20530, 20412, 22208, 23831, 26829, 26756, 25706, 25735, 26313, 28462, 28791, 27827, 26077, 26102, 25863, 26321, 28324, 25392, 26099, 26247, 28591, 29998, 30361, 32148, 34768, 34392, 35196, 33868, 33280, 29900, 28019, 28268, 27503, 26135, 25297, 25924, 27433, 25172, 24212, 24032, 23811, 22207, 22007, 20635, 19806, 21772, 23185, 24698, 22921, 21892, 19551, 19554, 21649, 24689, 25584, 23193, 22399, 24586, 25324, 24988, 23079, 21519, 21092, 21537, 23217, 24294, 24647, 23163, 21990, 23831, 25468, 28435, 28720, 27405, 26508, 28266, 28751, 28232, 26395, 26716, 27693, 27021, 26240, 25131, 24844, 25490, 26976, 25735, 23904, 22071, 21895, 21329, 23742, 25030, 22771, 20112, 21516, 24564, 24694, 24310, 21959, 20561, 21120, 24784, 26724, 27449, 29576, 29656, 29732, 29337, 29993, 31401, 29853, 28974, 27788, 26847, 25508, 27373, 28118, 25117, 21842, 20959, 21241, 24502, 24544, 21266, 20860, 23604, 25573, 26318, 24568, 21165, 17366, 18496, 24525, 27808, 28532, 27456, 26892, 26486, 26934, 29225, 30138, 28369, 26724, 25460, 25481, 27387, 27048, 23855, 21748, 21957, 24279, 26444, 28058, 27340, 24629, 25408, 27088, 30100, 30958, 27248, 25351, 23669, 24976, 25368, 25016, 23152, 25182, 29158, 30785, 31618, 30098, 28490, 29978, 31120, 29832, 26437, 23775, 22747, 21886, 20901, 19054, 18649, 17475, 16461, 18169, 19927, 22166, 24694, 24407, 22929, 24525, 26187, 27866, 28378, 27853, 26048, 25785, 28132, 30585, 32031, 30458, 28951, 28534, 31476, 30519, 26597, 20807, 20624, 23798, 25688, 24559, 21739, 18810, 19352, 20429, 22048, 21508, 18527, 16482, 20847, 28771, 33374, 29143, 24272, 24293, 27166, 31637, 31818, 27302, 22563, 23255, 28145, 31349, 30273, 28364, 24549, 24008, 25757, 25780, 24580, 22301, 20615, 20663, 22631, 24296, 23066, 19781, 18166, 17655, 19525, 21687, 22673, 24584, 26038, 29118, 32535, 34178, 33891, 29900, 28510, 30370, 31430, 30551, 26537, 27030, 26014, 25488, 25382, 25569, 21973, 19953, 20480, 23467, 26834, 26739, 22693, 21031, 21178, 21873, 23512, 24256, 23872, 25047, 29161, 33003, 33156, 32036, 31194, 31289, 31812, 30325, 29076, 28445, 26112, 25723, 25356, 24909, 23061, 21959, 22530, 21858, 23864, 22032, 20235, 19627, 18825, 21132, 21118, 19224, 19024, 18545, 21944, 22986, 22915, 22018, 24351, 26874, 28293, 29433, 26900, 23851, 27303, 30903, 31430, 31934, 30590, 31740, 32256, 27303, 23911, 23494, 23808, 24800, 25396, 24765, 26201, 25683, 22423, 22197, 24224, 28039, 27157, 28808, 29689, 27648, 28576, 27679, 27330, 28222, 27399, 29903, 30326, 28920, 29659, 30774, 29801, 26784, 25904, 26090, 25628, 25290, 21376, 21892, 23059, 22597, 22103, 22183, 25943, 26448, 25693, 24560, 25428, 26284, 27719, 29425, 30368, 32569, 36417, 35488, 32421, 31892, 29447, 28011, 29790, 32151, 30310, 28051, 23090, 19018, 20127, 22419, 23143, 20288, 19618, 20845, 22850, 21860, 19027, 15265, 16510, 18299, 21083, 23575, 24975, 25064, 25514, 26946, 30449, 29488, 28347, 24640, 27240, 28977, 29291, 29239, 27136, 27933, 30413, 29388, 25941, 22939, 23714, 25885, 24776, 22404, 20277, 20663, 23077, 24637, 25389, 26353, 29884, 30869, 30224, 28280, 26403, 24661, 29623, 32314, 28176, 27341, 25619, 27076, 25072, 25053, 22753, 22613, 24720, 24480, 24064, 24087, 24347, 26353, 26632, 25454, 23353, 23912, 24896, 23551, 21902, 21550, 20745, 23148, 27594, 27652, 24926, 24880, 26595, 27057, 26458, 27648, 28026, 26082, 28452, 31083, 32933, 30841, 24319, 19021, 20655, 28931, 29117, 26741, 21947, 20726, 22656, 24837, 23532, 21512, 16340, 18292, 21467, 22713, 22070, 19537, 19148, 21892, 24692, 25911, 23302, 22336, 26690, 31744, 33990, 32580, 26691, 23161, 26526, 28584, 27680, 24656, 23444, 24515, 27393, 28528, 25357, 26652, 24880, 22873, 21712, 22151, 22804, 20140, 15875, 18453, 20963, 23049, 23211, 23566, 25153, 23393, 24789, 24702, 21044, 24240, 24852, 26811, 30617, 31643, 31291, 29623, 28992, 28020, 25526, 23960, 23089, 20362, 17545, 17408, 18944, 20404, 21516, 20524, 19645, 24917, 26581, 25181, 28564, 29897, 33256, 33685, 35350, 34714, 31922, 32990, 35586, 35703, 33042, 29919, 30405, 36212, 37376, 33788, 28886, 22993, 20005, 17836, 15415, 14967, 15366, 19204, 19953, 19968, 20833, 17624, 18858, 22764, 26624, 29414, 28497, 26785, 28562, 28944, 33409, 34996, 32138, 27712, 21425, 22833, 23939, 25959, 23825, 20081, 17951, 17999, 21772, 21957, 19599, 15662, 14201, 20932, 27956, 31852, 30854, 29607, 32401, 36848, 40371, 39448, 36620, 34155, 33580, 31591, 31257, 30041, 27743, 24974, 24506, 23685, 21572, 23020, 24524, 27924, 26042, 19950, 15405, 15617, 21988, 25497, 27076, 26552, 24679, 22693, 26775, 31555, 31377, 27758, 23537, 22670, 23163, 25156, 25149, 24788, 27247, 31748, 29954, 29460, 25854, 23747, 25122, 28871, 30250, 27785, 26473, 23906, 25411, 26256, 27093, 26180, 23553, 23685, 28566, 29260, 27037, 25152, 21682, 19591, 22749, 23040, 21588, 18994, 16468, 15554, 18868, 21615, 24692, 28931, 27989, 24963, 23398, 24491, 24711, 23947, 26513, 30154, 31264, 31220, 32495, 34963, 35987, 31714, 31040, 29604, 25308, 22668, 19789, 23792, 30504, 27893, 25130, 22476, 25515, 28631, 29239, 27334, 23133, 18973, 18334, 22285, 23936, 19536, 17309, 21868, 28121, 31530, 33585, 27116, 21033, 19697, 22483, 23526, 19792, 17089, 14384, 11381, 17930, 24363, 26099, 25216, 25242, 30101, 32018, 31069, 32004, 31933, 34042, 35513, 36334, 35052, 31427, 28772, 27221, 26408, 28879, 32590, 31654, 27969, 24432, 24149, 21811, 19824, 17646, 15831, 19552, 22668, 24149, 23869, 23239, 23798, 26800, 26096, 24093, 19771, 19617, 29558, 34187, 35960, 32945, 31827, 31792, 30343, 26631, 24901, 22925, 22149, 26008, 27316, 24525, 20251, 16219, 15360, 17634, 21312, 24087, 22289, 21841, 21457, 26064, 34079, 37943, 35017, 30810, 27817, 29011, 34484, 41357, 41071, 37602, 33942, 27904, 26406, 25372, 24071, 18321, 18191, 17920, 17695, 18327, 18376, 19163, 21413, 20748, 20345, 21277, 20161, 22315, 26380, 27859, 27124, 27989, 28584, 31543, 30956, 28104, 24175, 25194, 32642, 35738, 35913, 34278, 32690, 29579, 31078, 29051, 26088, 21681, 20227, 19304, 19679, 19657, 18004, 15897, 15913, 20795, 23135, 20491, 18799, 17692, 20781, 24598, 25199, 24168, 22265, 22536, 23928, 27273, 27396, 25202, 23720, 24598, 26651, 27939, 23309, 19844, 20781, 24487, 29552, 31628, 29749, 26836, 24860, 27502, 28504, 27801, 26628, 25960, 28642, 29746, 31137, 30119, 28073, 26816, 23368, 19523, 20421, 21967, 22712, 25501, 29044, 31519, 28793, 27388, 27618, 25783, 24414, 24179, 24934, 24937, 25662, 27439, 28677, 32202, 34095, 31096, 28040, 27612, 25893, 23760, 21513, 18981, 21309, 27568, 31466, 31953, 26624, 19984, 20992, 23959, 26132, 24513, 22630, 25567, 31037, 37017, 37494, 32558, 25073, 23215, 23639, 25409, 25371, 23572, 22908, 19838, 17950, 22342, 23814, 24204, 19716, 13753, 15625, 20316, 22065, 22512, 22604, 25646, 28134, 30231, 32323, 31452, 29723, 27606, 26192, 28356, 32257, 34643, 34743, 32325, 32736, 32795, 33238, 32097, 29344, 30184, 32429, 29918, 25863, 22708, 23566, 23873, 22285, 20525, 19058, 16664, 15795, 15811, 16503, 16766, 17204, 18723, 23732, 27040, 28852, 25908, 22480, 24243, 24992, 26356, 24414, 21613, 20932, 22793, 25956, 28229, 29952, 27109, 24257, 24139, 26168, 30814, 29910, 30677, 32916, 34371, 35425, 33003, 27868, 27214, 26070, 24004, 20356, 17985, 20745, 27635, 33164, 31827, 25248, 20858, 20511, 23590, 26335, 27059, 26052, 26114, 28652, 31797, 33580, 30771, 27964, 25430, 23176, 24107, 26089, 26941, 25231, 22059, 24675, 30579, 30007, 25467, 21351, 19854, 23885, 22681, 19617, 17093, 18321, 23652, 25696, 23828, 20729, 18149, 17893, 21801, 28145, 31208, 30126, 24644, 24576, 29188, 34209, 36516, 30997, 27047, 24446, 26680, 29859, 28959, 24470, 23110, 25846, 27000, 24055, 19868, 17955, 17753, 21253, 23315, 23569, 27262, 26629, 24730, 22920, 22533, 26241, 29532, 28141, 26664, 25877, 22825, 24215, 25152, 25000, 22336, 18733, 18119, 17735, 20383, 21969, 22119, 21227, 22073, 24297, 28450, 32947, 33611, 32225, 29168, 31077, 35141, 35740, 33064, 25811, 20564, 20881, 24580, 26445, 23821, 20829, 20946, 22917, 24287, 22423, 19140, 16900, 18062, 23639, 26831, 23561, 21321, 17813, 18887, 26648, 31534, 31176, 27441, 25244, 27492, 31082, 27333, 24388, 21139, 23068, 23649, 23981, 24083, 25813, 27064, 24547, 19660, 23702, 29817, 29349, 26824, 25142, 22211, 22775, 24853, 24535, 22580, 24965, 28430, 33286, 36788, 34024, 29552, 29043, 30017, 32375, 34834, 31172, 23828, 21578, 21936, 25437, 27958, 24520, 19727, 18822, 19549, 23268, 23717, 23165, 21285, 17813, 17753, 20885, 21417, 21419, 20940, 23115, 29033, 33459, 35097, 31129, 29164, 30437, 33380, 38974, 38093, 31101, 26983, 24233, 20739, 24799, 25206, 25069, 22003, 22470, 22172, 24037, 25567, 26980, 26565, 27263, 29083, 31161, 32565, 33945, 37610, 35629, 31347, 27410, 26436, 26763, 26228, 27155, 28199, 26323, 24008, 24093, 25013, 24872, 20999, 19817, 23012, 24095, 23305, 24914, 27948, 31420, 28677, 23101, 23552, 26641, 27722, 24472, 22431, 20552, 20789, 23124, 25485, 29203, 32599, 29409, 23885, 19357, 20019, 26980, 30589, 29852, 24885, 23070, 23683, 23056, 20772, 17649, 16464, 17692, 18182, 20955, 24600, 23272, 24103, 25692, 29436, 32465, 28887, 23598, 20012, 22573, 26698, 29215, 26032, 25485, 25574, 30171, 34404, 33911, 31758, 29465, 25954, 27863, 29851, 28460, 21549, 18765, 21222, 28074, 31570, 28498, 20325, 17528, 21158, 24855, 24594, 22627, 20839, 22276, 25383, 27545, 26136, 19066, 15009, 15928, 20303, 24169, 25768, 21784, 19654, 21568, 28138, 35235, 35566, 26082, 19969, 23609, 28758, 31845, 28005, 20949, 16676, 19281, 25195, 27657, 26135, 23577, 25725, 27193, 28207, 23552, 23484, 24371, 26419, 29565, 30242, 28590, 26781, 26232, 28056, 28964, 31722, 36116, 33101, 30809, 29121, 28276, 28064, 24232, 18509, 17253, 17920, 22166, 23797, 27977, 30954, 28445, 30740, 34471, 35861, 32089, 26311, 21136, 19677, 20138, 23310, 23751, 22702, 17873, 18284, 22887, 26340, 27007, 19933, 18121, 21527, 23151, 24788, 25138, 22736, 23535, 25509, 26967, 24786, 23984, 23468, 23583, 26308, 29643, 29072, 22528, 22802, 26786, 32170, 33894, 30793, 24868, 25239, 24662, 22836, 21031, 19042, 20396, 21819, 20994, 18870, 15552, 17439, 20819, 24465, 28833, 28941, 25497, 23655, 28165, 31766, 29592, 27472, 27074, 27609, 33551, 34238, 27544, 22945, 23629, 24929, 24765, 25640, 22017, 21866, 24613, 24484, 27460, 30867, 29672, 30390, 28989, 29221, 29132, 24187, 22393, 22853, 23935, 24776, 27885, 31526, 33609, 32516, 30943, 29744, 30117, 27368, 26879, 26185, 25427, 25565, 26801, 22400, 21476, 17853, 17821, 20618, 21652, 21789, 16577, 17512, 18325, 22012, 21798, 19859, 17693, 19217, 28132, 34416, 34772, 30802, 27640, 30184, 31083, 28264, 29460, 25822, 24877, 27650, 29569, 29346, 24884, 20895, 24360, 30731, 32818, 27189, 21238, 16036, 20672, 24434, 28345, 27209, 21663, 19278, 15976, 15680, 16740, 15711, 18564, 22103, 25495, 30676, 30271, 27448, 26984, 26836, 27973, 28505, 28776, 33285, 31957, 32472, 35514, 37604, 35348, 32040, 32383, 32948, 28471, 24639, 23999, 28444, 25136, 20533, 13625, 14102, 18802, 19733, 18788, 15962, 13616, 18343, 19888, 22353, 19753, 18303, 18976, 23316, 26322, 27994, 26391, 27825, 29742, 33520, 36242, 33942, 30042, 28363, 31812, 38296, 39076, 31966, 24768, 22661, 28108, 36779, 39203, 28161, 14973, 11497, 18676, 24917, 33023, 32142, 24433, 19096, 21137, 27613, 31267, 25436, 15624, 12833, 22105, 32838, 32650, 25688, 19996, 21007, 29054, 35085, 32932, 24817, 17983, 18159, 24863, 29310, 25109, 18794, 15684, 18368, 23099, 26752, 25761, 21911, 20247, 24582, 29507, 31799, 29860, 24700, 21363, 23319, 26502, 32674, 33128, 26596, 24080, 27310, 30796, 32502, 37864, 37744, 29952, 25373, 22243, 22284, 28640, 31584, 28757, 23760, 19789, 16751, 20723, 20643, 20551, 18349, 17304, 17638, 23048, 26959, 26982, 25043, 25620, 27254, 29514, 31819, 31159, 27520, 25600, 27464, 26113, 29241, 31974, 27648, 20393, 16017, 20568, 26804, 29219, 23797, 18225, 19574, 23468, 26566, 28513, 27499, 26231, 23090, 23155, 25004, 28353, 25949, 27844, 27722, 30288, 31698, 29732, 24500, 20061, 18605, 22313, 24440, 22279, 15231, 14872, 19381, 29200, 34258, 31914, 26151, 23266, 24284, 29636, 33334, 30424, 30494, 34642, 36581, 36264, 30488, 27379, 25275, 27296, 22955, 20647, 17228, 19278, 20915, 25735, 27243, 27913, 26101, 24558, 25340, 27773, 24980, 19184, 17109, 19823, 22557, 24620, 24168, 18305, 19467, 21735, 22953, 25327, 22890, 20889, 22571, 24265, 27189, 26399, 24426, 24851, 24633, 29516, 33616, 34762, 34605, 30379, 28401, 24456, 23668, 23661, 22804, 23901, 24800, 23882, 24349, 27252, 27733, 26814, 26144, 27887, 30011, 28524, 23015, 22476, 31235, 38814, 36641, 29003, 23057, 24101, 31010, 32286, 27278, 24485, 20800, 19878, 24687, 28916, 24821, 21453, 24362, 26695, 28581, 24533, 21748, 21814, 23957, 24917, 26192, 24585, 22604, 14977, 12198, 18025, 30149, 36146, 35621, 31744, 22141, 28852, 38759, 38642, 35418, 29116, 26830, 31915, 35528, 36864, 29440, 26776, 26320, 28759, 24888, 25727, 25668, 26560, 28643, 24978, 19832, 21845, 19316, 19230, 23552, 28308, 32691, 30582, 25097, 23861, 21618, 21531, 20208, 22153, 22408, 24554, 22174, 20996, 23051, 29718, 33498, 30293, 24411, 20559, 22665, 27347, 27261, 20569, 16806, 14340, 20392, 31020, 29558, 23257, 16140, 15896, 29055, 32228, 26713, 15827, 10137, 13609, 26519, 32999, 31932, 23544, 17614, 14496, 23268, 29252, 32449, 22466, 16956, 19296, 26298, 32445, 27959, 22281, 19324, 19056, 28180, 33912, 29838, 27021, 26112, 28233, 31990, 31354, 32679, 28277, 21696, 18881, 25185, 31624, 35301, 31346, 31128, 32264, 35615, 34449, 30556, 31520, 32482, 31362, 24636, 26574, 29611, 28554, 25962, 23253, 12885, 15002, 21068, 20804, 17229, 15462, 12137, 17880, 29875, 36881, 32577, 27380, 23655, 23880, 27096, 31686, 28930, 28161, 27669, 28877, 31487, 35654, 28342, 19927, 14088, 16755, 18736, 24460, 26071, 26967, 24616, 24967, 26896, 29227, 26236, 18704, 16848, 23233, 32408, 34084, 29960, 26876, 28582, 30297, 33812, 28741, 23113, 26091, 33961, 36469, 30687, 23095, 22986, 24501, 25686, 26856, 23145, 18379, 12185, 14516, 22173, 27316, 25144, 24753, 20577, 17814, 22260, 24995, 23463, 23197, 27054, 31608, 34192, 31787, 26474, 16593, 15219, 20588, 27153, 27341, 26404, 24684, 26943, 30208, 32302, 28116, 21892, 18628, 19764, 25142, 31292, 30924, 27671, 25510, 26121, 30377, 30340, 32338, 28102, 22292, 22547, 26015, 32057, 33372, 24712, 18335, 19968, 27025, 31585, 31324, 23888, 16734, 18166, 26445, 34364, 27911, 17320, 16622, 19349, 25811, 30273, 22068, 17757, 20762, 26423, 30366, 31009, 29014, 25125, 24555, 26236, 26120, 26332, 23721, 20268, 20855, 21220, 17047, 15873, 18916, 18498, 16384, 17521, 23010, 25961, 27281, 22771, 17734, 21171, 28564, 27494, 21492, 20497, 25407, 28277, 30057, 31904, 28602, 28826, 31047, 29500, 26900, 20506, 20468, 25466, 30921, 32564, 31888, 26329, 23279, 22510, 25437, 29248, 30000, 29376, 25603, 23958, 26019, 29438, 30424, 28015, 23893, 22453, 25354, 25535, 24123, 21780, 21071, 22496, 26177, 30596, 31537, 31436, 24463, 18836, 15145, 16304, 19784, 20345, 21596, 21711, 20306, 21621, 27200, 35176, 40670, 39020, 29908, 26058, 26842, 31137, 30425, 26681, 23423, 21085, 26025, 33431, 38319, 35175, 26814, 21761, 25522, 29672, 31003, 28710, 21316, 18669, 20481, 29486, 35369, 29361, 21536, 17501, 17954, 20609, 20514, 20935, 18488, 17329, 19925, 18060, 20056, 20977, 26176, 29775, 35880, 38256, 39367, 34750, 31809, 28564, 28472, 31270, 33183, 31252, 29868, 27504, 26052, 24832, 25895, 27377, 27857, 25294, 24592, 20764, 22603, 26494, 24406, 22295, 19815, 21891, 26632, 27140, 25600, 22895, 21855, 26716, 30853, 32846, 30307, 25377, 21911, 22706, 21765, 22472, 22135, 21973, 19912, 20670, 20527, 23003, 23942, 27380, 26224, 22894, 23609, 25161, 26161, 29015, 31687, 34877, 35297, 33552, 31461, 30126, 28842, 29328, 31678, 33989, 33556, 31714, 27242, 24387, 25204, 27609, 32604, 31558, 23831, 19408, 18875, 22108, 25358, 27972, 26501, 21947, 21516, 21845, 22851, 23959, 22811, 21122, 17663, 18805, 24716, 23645, 20491, 18982, 18357, 24279, 27272, 28691, 31480, 29320, 26378, 22772, 24520, 30134, 32160, 31293, 29412, 26432, 24815, 25604, 29798, 33980, 37376, 36184, 33176, 28819, 25254, 23108, 22259, 24198, 25485, 25843, 25269, 23153, 22685, 23086, 22697, 21373, 20374, 18772, 17396, 20502, 21574, 22687, 24311, 25583, 28301, 29308, 30911, 28082, 28717, 27264, 30189, 32594, 32184, 31471, 29114, 28250, 28686, 27063, 25685, 24065, 20852, 19466, 21491, 22889, 24318, 25088, 22047, 19677, 21874, 25850, 28794, 27422, 27654, 26868, 27405, 28160, 29603, 26015, 22513, 21535, 23312, 25571, 26771, 24972, 23648, 21037, 21349, 21138, 19956, 19275, 17372, 17676, 21735, 25864, 28438, 28373, 28469, 29283, 30268, 32443, 32213, 29317, 27931, 27984, 27158, 25801, 23985, 23390, 24115, 26209, 27242, 25353, 23479, 23211, 26244, 28977, 29611, 29354, 27984, 26999, 26713, 27331, 27250, 25921, 25055, 25579, 28144, 29072, 26067, 23460, 20721, 21768, 25452, 28633, 26653, 22554, 19776, 19943, 18929, 21504, 22754, 23068, 23740, 22480, 21751, 21264, 23926, 23545, 25341, 28045, 29214, 30146, 30372, 30190, 29289, 31838, 36517, 36988, 36106, 33262, 30451, 26247, 24926, 25518, 24689, 22916, 21253, 22651, 23935, 21974, 21560, 20937, 21533, 22957, 22976, 22710, 23069, 21963, 23169, 24257, 24292, 26208, 30089, 31918, 31313, 27991, 26232, 25960, 24782, 25883, 27062, 26008, 28397, 30558, 31749, 31398, 29325, 25688, 22556, 23533, 26411, 29981, 31006, 31706, 30765, 28683, 26002, 23889, 23626, 26721, 27313, 24670, 22464, 23054, 24369, 24204, 25453, 23173, 22839, 21495, 22276, 24911, 23676, 22322, 20290, 17596, 18551, 22692, 24691, 28112, 27048, 25722, 23648, 22314, 24276, 27207, 29622, 31662, 31783, 32536, 32880, 32132, 30829, 28387, 30091, 30529, 29261, 25801, 24109, 24982, 24645, 25112, 28487, 29835, 29469, 26645, 22905, 21148, 22960, 25880, 28793, 27634, 21904, 16639, 15392, 18913, 23543, 26582, 25750, 23928, 22751, 22178, 22493, 24754, 24025, 26234, 27120, 25769, 28134, 27769, 27013, 26376, 25254, 25764, 27064, 27980, 27392, 22226, 20195, 18977, 22695, 27878, 32189, 33780, 30082, 24768, 20603, 23641, 28844, 33715, 31432, 28714, 24914, 22200, 22996, 23649, 25845, 25997, 25773, 25294, 26689, 26845, 25596, 25232, 24735, 23418, 23520, 24341, 26084, 26797, 27509, 27308, 27445, 28337, 28603, 26252, 23601, 19612, 15862, 17113, 20167, 24138, 27648, 27332, 25566, 25627, 23041, 21424, 21315, 22759, 22572, 20391, 19652, 21076, 22320, 25012, 25786, 28283, 27077, 23845, 23449, 23791, 24257, 24514, 25270, 22848, 20817, 23016, 25551, 25524, 25755, 24989, 23160, 22201, 21703, 23553, 22131, 24020, 26147, 24790, 22945, 22407, 22133, 26040, 30608, 32490, 34924, 34449, 32082, 27594, 24202, 25207, 26266, 29152, 31683, 31912, 30965, 25540, 25336, 25308, 26652, 26267, 25899, 24889, 23105, 22682, 21220, 20840, 21325, 23029, 26558, 28952, 25236, 20521, 18775, 20288, 24602, 27460, 28308, 24576, 22285, 21894, 20460, 21491, 22542, 22456, 26017, 25634, 27203, 27650, 24944, 22906, 22439, 24313, 25154, 28261, 30722, 32118, 29805, 28432, 26783, 28084, 28439, 28592, 27671, 24327, 22750, 21917, 21203, 19188, 17231, 18829, 18829, 21233, 23415, 22643, 22124, 23299, 26125, 30445, 33813, 35465, 37843, 36727, 32855, 29039, 26376, 25000, 26366, 25845, 24904, 23004, 21491, 20097, 21565, 23711, 24200, 23649, 23756, 23472, 22296, 23014, 21414, 20165, 20191, 22582, 24845, 25070, 23152, 22021, 21521, 23605, 27428, 29729, 30486, 29343, 28708, 31119, 33498, 32736, 30212, 29897, 27526, 27000, 29617, 29392, 30035, 27244, 23416, 23441, 24472, 24860, 27775, 27345, 23592, 24299, 24393, 25247, 25385, 24940, 22848, 21118, 21924, 22631, 24757, 23528, 24120, 24044, 23504, 25346, 25256, 24913, 24977, 23784, 24872, 25537, 24577, 25108, 24480, 22319, 21635, 21171, 22172, 21570, 22395, 23763, 26112, 26781, 26885, 27211, 29956, 27896, 32311, 34243, 32593, 31557, 29011, 27447, 27882, 27996, 27499, 27326, 27403, 25726, 24777, 22660, 22127, 23179, 24534, 23809, 23894, 23476, 21799, 22132, 23184, 25171, 24927, 24658, 25479, 26931, 27159, 26529, 25719, 26794, 27525, 25923, 25989, 26221, 25538, 27796, 28008, 28349, 28314, 26846, 26624, 26278, 25133, 23641, 23508, 22197, 22050, 21097, 22168, 21380, 20841, 21943, 20901, 22064, 23927, 24225, 27754, 27441, 28128, 27501, 27404, 28476, 28496, 27376, 26845, 27396, 26699, 27241, 26893, 26925, 27578, 25638, 24469, 24823, 24685, 25060, 26323, 27280, 27182, 26318, 27181, 27359, 28233, 28139, 29224, 29369, 28090, 28633, 30109, 29457, 28784, 28000, 26391, 24514, 23113, 21816, 22024, 22685, 23019, 23120, 24836, 25005, 25843, 24952, 26163, 28381, 27231, 28465, 29044, 29696, 29642, 30928, 28725, 28324, 28355, 27174, 25593, 25764, 26067, 22232, 23568, 23333, 19605, 20981, 21038, 18551, 16796, 15184, 15625, 18038, 17276, 18461, 18178, 18548, 20868, 20814, 21385, 22244, 24955, 28033, 25301, 26785, 27425, 26224, 26792, 27738, 28207, 27656, 25791, 25792, 25629, 23213, 23110, 22384, 22723, 21638, 19308, 20133, 19327, 22285, 23473, 24979, 27639, 28889, 28898, 29258, 28437, 25048, 23844, 23923, 25448, 25243, 26265, 26706, 25670, 27169, 27189, 27985, 31943, 30860, 28470, 27906, 26779, 27036, 25782, 27996, 29942, 26624, 30647, 34253, 30689, 30317, 27396, 22380, 23896, 23988, 24229, 26096, 27534, 26856, 25887, 29697, 27521, 27855, 30108, 25877, 27729, 26612, 25705, 28188, 26210, 28535, 29575, 27416, 30367, 29277, 30439, 31989, 28542, 31494, 30405, 26183, 28649, 23839, 24015, 27092, 24620, 28436, 26213, 23371, 29145, 26696, 27313, 27797, 25349, 28076, 28256, 26134, 29276, 24600, 28750, 32483, 29396, 36339, 33984, 30751, 30999, 25877, 30243, 32408, 30424, 32953, 27268, 29076, 30010, 23570, 21593, 19066, 19973, 23554, 21100, 24985, 25479, 22056, 26475, 24373, 29391, 30454, 28919, 30386, 25635, 23945, 27375, 22920, 27334, 25557, 21960, 28163, 20981, 28554, 32930, 29362, 31636, 25863, 24714, 30077, 27526, 30148, 28973, 24212, 28049, 25412, 31948, 31121, 28153, 31445, 27196, 26102, 24561, 20701, 21374, 20480, 20636, 23253, 22760, 29134, 32360, 30338, 33448, 32821, 30767, 30769, 28293, 30819, 28716, 24942, 28423, 23300, 23239, 21601, 17473, 20694, 22575, 25841, 29337, 24075, 24250, 24515, 19447, 23398, 22932, 23182, 23979, 23579, 27588, 30159, 29585, 31896, 27406, 28131, 26613, 22679, 25209, 14053, 16539, 20945, 20773, 28388, 27084, 29839, 27864, 22437, 27031, 26850, 26063, 29867, 21595, 26156, 27278, 22271, 29994, 27417, 28266, 30976, 25408, 28883, 23948, 26165, 31578, 25740, 27555, 25504, 18555, 22946, 20824, 26500, 32551, 31400, 32476, 25871, 24315, 25197, 22289, 26006, 22939, 19996, 23872, 23430, 27734, 26935, 27289, 27415, 27259, 24670, 20767, 16150, 17508, 16211, 19494, 19609, 18469, 23139, 24777, 24081, 24968, 22493, 24864, 27648, 28554, 31564, 30555, 28464, 28190, 29642, 27062, 25391, 22227, 24257, 25517, 27000, 29417, 30277, 29458, 25097, 21269, 19362, 20083, 20886, 24795, 23344, 27387, 26887, 24307, 26365, 22017, 18156, 18593, 17839, 23826, 30620, 34640, 41252, 35594, 31394, 30525, 26552, 28608, 26192, 30515, 31345, 30650, 32096, 26935, 25008, 25622, 20598, 20073, 19564, 20456, 25386, 21604, 22233, 21631, 17200, 17445, 13793, 17894, 23074, 24104, 30869, 28168, 22540, 27519, 25509, 33131, 31858, 26768, 29659, 26991, 24469, 23093, 25302, 30383, 28421, 28621, 24848, 20882, 17063, 19151, 24415, 24426, 28423, 24957, 18982, 17655, 17360, 21121, 24814, 24750, 29026, 23570, 27416, 31435, 35065, 35677, 34712, 31906, 34150, 33205, 36926, 34329, 35015, 37898, 34569, 36387, 37145, 35405, 35143, 34922, 37457, 36756, 35538, 33029, 23644, 15485, 11084, 12837, 26963, 31317, 34428, 21421, 8794, 10432, 10418, 10628, 14288, 15300, 15896, 16048, 13567, 9440, 10432, 14434, 16716, 15517, 14432, 13781, 16637, 23353, 26740, 29204, 31864, 30079, 30029, 29086, 28796, 27916, 27437, 27391, 29523, 32442, 35598, 37259, 37384, 36191, 34514, 34138, 36274, 37867, 38379, 37405, 36215, 34865, 35330, 37156, 37163, 36074, 33850, 35871, 40129, 38415, 36111, 31060, 22084, 17168, 16331, 16881, 15910, 10693, 9261, 4299, 3092, 5553, 7383, 4019, 973, 1732, 287, 11692, 34953, 50381, 50388, 38443, 20569, 7111, 9647, 17371, 28305, 33616, 34772, 35827, 39310, 43362, 43454, 36213, 24016, 14144, 12229, 19688, 31558, 40331, 39725, 33399, 27853, 28153, 29719, 30488, 28814, 23744, 24801, 30720, 40024, 45675, 42336, 33077, 25175, 22724, 27461, 34758, 39626, 38158, 31717, 27214, 24475, 26481, 27599, 27735, 24292, 19974, 18775, 20628, 22863, 22173, 18373, 13477, 11157, 12052, 13652, 13960, 10207, 5988, 5839, 6641, 10843, 12208, 11219, 6677, 4348, 4006, 10326, 27920, 43130, 50000, 46823, 29129, 15014, 8401, 12297, 23405, 32655, 37027, 36046, 35764, 37716, 41291, 40276, 34045, 24832, 25487, 32048, 44032, 50435, 50379, 41016, 31515, 28791, 31595, 35708, 39032, 38464, 35894, 35537, 35251, 34067, 31885, 29042, 24531, 20669, 21112, 22228, 21324, 16016, 8679, 1452, 328, 720, 951, 2080, 670, 1860, 431, 1649, 15495, 49708, 50278, 50418, 49630, 14309, 449, 1239, 653, 24722, 49614, 50334, 50328, 49820, 49890, 44662, 37198, 20992, 7184, 1943, 8353, 30024, 50401, 49634, 49632, 36110, 17744, 8597, 12893, 26269, 39954, 46560, 45127, 40574, 35634, 33631, 32243, 32259, 33303, 37064, 41279, 43571, 43423, 37278, 29795, 22225, 21093, 26098, 32942, 37521, 37432, 31633, 25748, 21376, 22016, 24000, 22613, 18324, 10577, 2919, 1985, 409, 1838, 1990, 1137, 990, 596, 972, 468, 26811, 49626, 49980, 50077, 34892, 4983, 347, 153, 8121, 34070, 49701, 49636, 49673, 48692, 44032, 41124, 33901, 23747, 14759, 10253, 16742, 31877, 47472, 49674, 50126, 37462, 26760, 24356, 29281, 39264, 44002, 43787, 39165, 38842, 37647, 40563, 41981, 39543, 34496, 34135, 38690, 44434, 46470, 43900, 33818, 23545, 17960, 16872, 18833, 22464, 20676, 15780, 7076, 373, 113, 245, 1556, 832, 622, 1344, 494, 1735, 15864, 50434, 49636, 49634, 49972, 13519, 1718, 748, 2071, 23778, 49878, 49694, 50217, 50152, 45821, 43520, 42555, 35036, 20902, 4470, 2053, 10151, 33228, 50408, 49620, 50400, 36620, 15895, 8423, 19760, 38370, 50417, 49627, 47999, 35322, 27986, 29599, 37924, 46310, 50367, 49654, 48976, 43687, 39894, 34916, 30144, 27697, 25112, 23485, 24561, 25527, 24600, 19423, 11228, 1967, 273, 1697, 1132, 341, 2021, 320, 393, 722, 2082, 26875, 49647, 49615, 49619, 50312, 11652, 1240, 1783, 115, 23344, 49848, 49784, 50433, 49646, 44484, 41521, 42466, 40386, 29824, 11380, 281, 751, 18201, 45726, 49801, 50222, 49859, 36577, 18740, 15628, 26304, 41455, 50411, 49634, 44298, 35078, 31232, 36529, 48258, 50151, 49714, 50432, 41270, 30618, 27543, 29794, 32380, 33014, 28934, 23118, 14578, 10993, 9039, 6804, 1779, 149, 216, 2069, 129, 1116, 1024, 145, 1886, 16045, 50292, 49855, 50187, 50427, 37460, 1910, 257, 111, 1846, 38338, 49654, 50398, 50429, 49636, 47216, 39078, 39146, 38524, 29012, 15977, 4481, 2643, 15331, 39391, 49984, 49664, 50042, 49664, 30196, 13527, 13429, 24576, 43107, 49646, 50367, 49901, 42718, 37816, 38665, 44216, 48160, 47142, 42236, 35690, 29605, 25201, 23497, 22068, 18187, 12253, 7039, 177, 1292, 83, 412, 775, 1838, 137, 1461, 1969, 292, 1695, 50400, 50395, 49680, 50410, 50419, 6257, 552, 1879, 1923, 23701, 50393, 49647, 49630, 50432, 49624, 40887, 38544, 40570, 37152, 29305, 13933, 1878, 481, 11607, 35728, 49646, 50416, 49898, 50419, 41837, 19169, 10052, 19583, 39254, 49814, 50152, 49934, 50432, 44343, 34708, 32594, 35383, 42441, 46824, 44318, 38283, 27688, 15847, 5865, 2068, 596, 1495, 1714, 2007, 492, 2112, 425, 2086, 239, 2102, 2053, 20233, 50401, 50419, 49632, 50363, 50432, 3264, 1091, 1396, 1331, 23053, 49636, 49614, 50355, 50236, 50424, 41339, 35391, 36310, 38954, 37007, 29460, 15939, 5516, 5500, 17572, 40556, 49634, 50362, 50411, 50427, 43921, 23336, 13376, 16859, 33992, 50430, 50424, 50408, 49664, 47082, 31745, 24135, 23539, 30665, 39896, 43896, 39979, 29891, 14468, 2015, 465, 2112, 345, 521, 835, 635, 144, 1186, 129, 2094, 13668, 50427, 50347, 49794, 49716, 50258, 25892, 1376, 2063, 529, 2086, 34991, 50366, 49721, 50325, 49955, 49873, 36100, 25053, 23215, 30818, 39174, 41258, 36637, 28134, 18900, 18381, 26672, 42453, 50294, 49917, 49628, 50400, 50433, 34682, 24013, 22564, 29249, 43395, 50426, 49876, 50427, 49627, 41052, 29893, 22594, 20083, 20049, 20607, 18521, 12687, 1999, 964, 411, 265, 91, 1779, 2062, 820, 1955, 669, 23583, 50044, 50408, 50429, 49672, 49952, 49675, 13206, 1968, 116, 393, 4244, 35706, 50384, 50393, 50430, 50012, 50425, 49751, 36162, 30181, 28672, 31446, 33839, 34203, 33159, 31566, 30688, 32616, 37358, 43777, 50459, 50403, 49639, 49752, 49634, 47996, 43193, 39172, 37513, 38767, 38250, 38249, 37098, 35088, 31049, 27560, 24122, 19688, 14160, 6355, 89, 1927, 113, 113, 527, 425, 1251, 1080, 1763, 412, 16068, 50399, 50291, 50480, 49918, 50205, 50432, 40864, 13051, 1528, 1607, 2063, 9235, 32779, 49726, 49763, 49678, 49646, 50120, 48219, 40255, 35901, 36234, 37706, 40701, 41835, 39752, 36145, 32167, 27811, 27263, 29807, 33734, 40754, 49232, 49919, 50433, 50363, 50421, 49666, 45188, 38387, 30346, 25337, 22117, 19475, 19240, 18989, 18324, 16320, 12017, 7893, 851, 2086, 2023, 2095, 1860, 472, 704, 1988, 2020, 1811, 30565, 49671, 50389, 49999, 49751, 49951, 49646, 43455, 24640, 10775, 5545, 7568, 16796, 28820, 40528, 47716, 49658, 50417, 46558, 41359, 39468, 38853, 40328, 44068, 48695, 50074, 50436, 46390, 39916, 33459, 27149, 24104, 23504, 27201, 34694, 42863, 49832, 49615, 49647, 50409, 50176, 42967, 35162, 26311, 17465, 10688, 6519, 2740, 2007, 89, 2076, 2086, 473, 1024, 153, 1481, 765, 113, 2070, 705, 15052, 41722, 50376, 49723, 49693, 49739, 49664, 50437, 40367, 28027, 21663, 18496, 20887, 27152, 33701, 40723, 45256, 44339, 41995, 37211, 33647, 32783, 33889, 38444, 45570, 49722, 50292, 49899, 50312, 46619, 38020, 30427, 23829, 22036, 23166, 27443, 35705, 42323, 49439, 49638, 50406, 50223, 45446, 37907, 28437, 20729, 13095, 8069, 3799, 1791, 384, 2062, 743, 1240, 113, 2084, 945, 160, 125, 743, 1091, 22271, 46816, 50416, 49744, 49634, 50250, 49992, 49666, 43652, 33060, 25021, 24356, 25881, 30190, 34504, 36484, 35250, 34599, 31678, 30462, 30147, 32094, 36592, 43154, 49612, 49654, 49638, 49962, 50418, 47806, 39378, 30775, 23270, 20791, 22217, 26788, 35660, 43235, 49254, 50360, 49850, 49719, 45285, 36798, 27521, 19667, 14694, 9491, 4961, 2079, 105, 1445, 1517, 1519, 1260, 1942, 963, 647, 1205, 401, 13574, 36869, 50376, 50124, 49866, 49666, 50408, 50145, 50425, 45300, 37353, 32449, 31596, 32862, 33892, 34420, 32457, 28621, 24414, 20508, 20085, 23473, 30608, 40649, 50327, 50431, 49623, 50080, 50136, 49711, 45656, 34633, 24788, 19802, 18823, 23042, 30585, 40101, 48492, 50243, 50384, 49872, 46791, 40428, 32866, 26009, 20728, 16489, 13191, 11406, 7187, 737, 1782, 113, 2071, 1559, 525, 2094, 113, 767, 9793, 33265, 49710, 50449, 50416, 49646, 49642, 50385, 50424, 50408, 49698, 49095, 46592, 45401, 43333, 40622, 36231, 31072, 25842, 22020, 19756, 20892, 27857, 38859, 50178, 50415, 50403, 50367, 50055, 49768, 49668, 50424, 39368, 33124, 28821, 31789, 37160, 43592, 49819, 50409, 49843, 49986, 50426, 45320, 40153, 34903, 30797, 29184, 25840, 22996, 16884, 8901, 1735, 1836, 2084, 1299, 1600, 112, 785, 1990, 708, 1111, 18516, 35854, 49043, 50430, 49916, 50260, 45018, 38299, 32320, 26887, 21995, 18455, 12693, 6357, 91, 1510, 1863, 137, 1073, 144, 10920, 24956, 39742, 50449, 49739, 50188, 49664, 50288, 49634, 50392, 49707, 50337, 49911, 50379, 50417, 49664, 49854, 49940, 50219, 50426, 49692, 49630, 50099, 50367, 49638, 50427, 50443, 50004, 49687, 50424, 37393, 24080, 11201, 2524, 393, 216, 172, 1039, 465, 1740, 17133, 37252, 49686, 49642, 50393, 50250, 50238, 49899, 49679, 49803, 50080, 50440, 41994, 32653, 23964, 12992, 3137, 1649, 2092, 339, 2028, 2125, 14239, 25506, 36117, 45946, 49647, 50080, 49752, 50429, 50425, 50424, 49931, 49796, 46563, 42091, 38632, 38032, 38928, 39212, 40974, 44032, 43822, 43418, 40492, 37420, 32935, 26809, 20088, 13595, 3165, 91, 1942, 1047, 1812, 632, 1824, 81, 1569, 1247, 2087, 231, 91, 11625, 34182, 49936, 49630, 50425, 50395, 49634, 49634, 50419, 50414, 47167, 38592, 27711, 15124, 1521, 1245, 1489, 348, 101, 1732, 824, 9423, 16473, 20321, 22916, 26020, 27756, 30468, 31751, 30273, 23852, 13575, 209, 365, 454, 663, 145, 404, 1895, 193, 2352, 273, 113, 83, 1998, 2853, 5591, 3363, 277, 2085, 576, 1484, 147, 465, 1561, 1709, 1655, 456, 1844, 717, 2063, 2085, 11351, 44390, 50415, 50414, 50089, 49638, 49676, 50410, 49632, 49634, 50035, 49879, 49676, 49740, 49975, 49673, 50384, 49676, 49630, 49747, 49634, 50449, 49739, 49510, 49700, 50350, 49677, 50019, 49751, 49635, 50425, 49669, 50431, 49632, 50272, 49792, 50064, 50428, 50433, 50222, 49615, 49647, 50169, 50266, 49642, 49670, 50425, 49646, 50410, 30846, 13969, 180, 967, 991, 1489, 496, 1481, 1117, 950, 120, 213, 149, 962, 1188, 981, 13141, 17757, 19385, 17652, 15176, 12547, 5734, 91, 708, 1347, 340, 1997, 1587, 783, 492, 1229, 1740, 1304, 313, 125, 512, 337, 8357, 15193, 14815, 9220, 1822, 541, 1870, 128, 453, 427, 1702, 2084, 1005, 1293, 89, 660, 2006, 2007, 553, 81, 1728, 264, 105, 1920, 1271, 199, 2100, 345, 569, 1732, 1759, 204, 1476, 792, 2071, 983, 1250, 15011, 46546, 50433, 49623, 50416, 50377, 50398, 49723, 50387, 49630, 49913, 49952, 50244, 50434, 49623, 49664, 50424, 49989, 50219, 50395, 49638, 50409, 50440, 50433, 49651, 50418, 49997, 50395, 49664, 49631, 50351, 50427, 49710, 50425, 49955, 49611, 50409, 41298, 35640, 32466, 33345, 37486, 42166, 42986, 38998, 34123, 29051, 25188, 19268, 10438, 105, 976, 123, 2022, 473, 736, 865, 620, 113, 192, 852, 2017, 21604, 32797, 37803, 42173, 49674, 49971, 50248, 50425, 45608, 19005, 1815, 1600, 2068, 512, 1331, 1150, 99, 1788, 93, 2023, 949, 4103, 9190, 21056, 38447, 50094, 50348, 50350, 40728, 28455, 21403, 17656, 10468, 1150, 1877, 476, 1614, 2023, 118, 384, 177, 1095, 1696, 2076, 337, 873, 2062, 1919, 240, 1151, 823, 1985, 1927, 1871, 1030, 1543, 1905, 833, 636, 2049, 295, 978, 1187, 535, 9584, 24466, 32939, 35209, 31744, 24005, 13893, 8108, 1584, 196, 383, 759, 608, 1142, 1827, 1344, 1876, 2049, 345, 800, 1879, 11917, 18496, 22224, 27181, 31395, 31505, 25999, 14353, 3752, 623, 2084, 577, 144, 1251, 315, 2588, 7893, 11999, 13192, 12525, 13480, 15616, 16614, 17056, 16327, 14084, 10177, 9232, 12578, 14428, 11713, 6856, 4388, 2862, 2895, 3749, 10769, 22800, 29695, 35848, 43010, 50403, 49999, 50045, 50424, 49970, 49939, 50432, 49720, 50429, 49720, 50372, 49944, 50417, 49838, 50258, 50421, 50385, 50364, 49782, 49774, 50427, 50425, 49664, 49686, 50424, 50440, 50183, 49706, 50034, 50300, 50435, 50427, 50425, 49778, 49637, 49927, 50326, 49875, 50226, 50264, 50299, 49664, 50417, 50393, 49647, 49632, 50424, 50395, 49632, 50223, 49847, 49848, 50304, 50359, 50360, 45075, 40230, 39410, 39942, 43283, 47844, 50367, 50314, 50419, 50417, 49639, 49622, 50367, 50411, 49708, 50399, 49632, 49632, 49646, 49626, 50426, 49688, 50180, 50333, 50419, 49646, 50426, 50286, 49655, 49699, 50040, 50136, 49614, 49636, 50136, 49666, 49622, 49736, 49720, 50371, 50432, 49831, 50198, 49987, 50280, 49727, 49664, 49672, 50066, 50108, 49644, 49642, 49668, 43821, 41073, 35848, 31321, 28178, 24254, 18082, 12676, 4053, 2082, 1372, 80, 7570, 12009, 18070, 27589, 39586, 50266, 50425, 50425, 49832, 50411, 49768, 50190, 49704, 45332, 35777, 28817, 23322, 16542, 10577, 8713, 12084, 19255, 24389, 29556, 36431, 49407, 49679, 49997, 50040, 50342, 49792, 49550, 50472, 50120, 37627, 31723, 28025, 23227, 18076, 15640, 16320, 20876, 27456, 30492, 35609, 39246, 44343, 43434, 36944, 26222, 14277, 1916, 540, 607, 1024, 1411, 2049, 281, 97, 1240, 1927, 14731, 38142, 50103, 49629, 50425, 50446, 50216, 49794, 50311, 49630, 28290, 5603, 83, 1686, 246, 524, 1798, 1608, 6336, 26682, 44032, 50115, 50378, 49723, 50425, 49638, 49645, 50235, 49639, 49662, 37456, 19345, 9188, 4800, 4771, 6574, 13543, 24285, 36635, 49160, 50258, 49674, 50427, 50016, 50356, 50424, 30874, 10332, 105, 796, 401, 1395, 1416, 1541, 1485, 2063, 13723, 37623, 50399, 49921, 49763, 50319, 50268, 50039, 50416, 50371, 49771, 21568, 97, 2005, 169, 1796, 1937, 1537, 4167, 28951, 49664, 49916, 50094, 49855, 49638, 50425, 50424, 50126, 50258, 50380, 42582, 24319, 11284, 5832, 5460, 10023, 17616, 28141, 39295, 49679, 49644, 50324, 49964, 49666, 50378, 49952, 23965, 3603, 1687, 353, 2068, 720, 2078, 1908, 1750, 6785, 29974, 49524, 50274, 49960, 49719, 49639, 49712, 49646, 49790, 50362, 19520, 832, 652, 1267, 1956, 1806, 1502, 9307, 33048, 49968, 49715, 50370, 50374, 49630, 49682, 49622, 49610, 49763, 49634, 39016, 22976, 14416, 9975, 12150, 15375, 25870, 35246, 48254, 50367, 49815, 49811, 50419, 49634, 50426, 27648, 6307, 1908, 1569, 180, 704, 1822, 2053, 1028, 209, 27388, 49632, 49678, 49679, 50384, 50258, 50176, 49996, 50340, 40995, 15565, 2054, 357, 1412, 1558, 2037, 1024, 5702, 30324, 50323, 49623, 49971, 50448, 50420, 49804, 49760, 49692, 50401, 50434, 29149, 13709, 5417, 2113, 3381, 8556, 20367, 32072, 45368, 49912, 50418, 49702, 50425, 50227, 29905, 12935, 2086, 851, 1497, 1160, 526, 89, 2052, 3520, 46368, 50312, 49637, 50402, 50426, 50043, 50235, 49725, 49674, 35478, 12871, 97, 1830, 2011, 1730, 758, 1823, 18364, 41494, 50282, 49875, 50396, 49945, 50418, 50326, 50378, 49920, 50216, 40528, 23316, 14173, 9273, 6540, 7196, 17932, 27344, 36793, 46899, 50479, 50487, 49832, 40396, 21628, 9373, 209, 1687, 253, 2087, 834, 2060, 1702, 31653, 49678, 49620, 49710, 50304, 49626, 50266, 49800, 49650, 50393, 27401, 7249, 157, 335, 1477, 669, 832, 11433, 30682, 46942, 50395, 50312, 50434, 49633, 50408, 49785, 49646, 49672, 50424, 35464, 25664, 18798, 14253, 17093, 22853, 30344, 37987, 48377, 50392, 49646, 50188, 43718, 23334, 3996, 185, 145, 1967, 164, 113, 1608, 783, 37816, 50082, 50059, 50392, 50310, 50432, 49632, 49664, 50394, 49999, 30128, 12201, 1488, 728, 148, 2084, 3121, 19620, 35078, 50312, 49664, 49638, 50425, 50259, 50115, 49644, 50182, 49639, 46415, 33920, 21807, 13894, 12256, 15540, 17871, 26505, 36611, 47784, 50427, 50048, 39858, 23268, 11153, 1959, 639, 2020, 1439, 1961, 2090, 15046, 49702, 50336, 49638, 50427, 49759, 50104, 50402, 50415, 49971, 36292, 20480, 7121, 1717, 289, 409, 11377, 22291, 35456, 49679, 49620, 49641, 49664, 50350, 49622, 50427, 49716, 49730, 47627, 32460, 22042, 13506, 10605, 12964, 14103, 20221, 29583, 35140, 41561, 39752, 34854, 18868, 115, 886, 112, 1453, 2085, 4503, 5056, 26510, 50417, 49880, 49915, 50328, 50294, 50155, 49640, 50428, 40886, 26018, 16400, 4977, 1371, 3931, 10252, 20462, 29010, 40046, 50306, 50238, 50405, 49644, 50110, 50417, 49672, 50392, 44188, 30488, 22902, 20186, 18246, 20603, 25453, 28443, 36832, 39936, 45451, 39175, 22220, 3905, 1432, 536, 222, 152, 723, 822, 6167, 31954, 50431, 49634, 50355, 50339, 50408, 50028, 50300, 46014, 26630, 11009, 1625, 2102, 1537, 639, 8464, 20373, 33410, 50031, 50428, 49743, 49677, 50299, 49632, 50382, 49626, 49887, 41415, 30396, 18449, 10527, 8540, 9298, 9824, 16960, 25116, 33062, 33589, 22163, 8185, 75, 1718, 1830, 892, 1638, 2053, 3187, 26365, 50252, 50167, 49850, 50232, 50136, 49704, 49907, 50425, 36090, 25875, 17073, 6961, 5296, 11081, 17843, 22797, 34706, 50427, 49686, 49967, 49745, 50425, 50017, 49646, 49654, 50338, 43118, 39098, 31256, 25339, 23993, 22409, 21774, 24710, 26752, 25554, 14348, 888, 1219, 369, 89, 693, 145, 3072, 8304, 25052, 49683, 49836, 50425, 50048, 50436, 50424, 49793, 38364, 29400, 23612, 17204, 10681, 14833, 21579, 30069, 34675, 46035, 49634, 50044, 50256, 49775, 50424, 50452, 49810, 50445, 43175, 30507, 26964, 23379, 20647, 21440, 23068, 26479, 31815, 34048, 31163, 17766, 73, 414, 1835, 2063, 144, 1539, 285, 9536, 31630, 49638, 50028, 50419, 50387, 49622, 49660, 50316, 39679, 31478, 22110, 12118, 7417, 10270, 15705, 20428, 25329, 39482, 49623, 50000, 50441, 49676, 49628, 50343, 50403, 50364, 47372, 41129, 36086, 30383, 28181, 25788, 20962, 20605, 22930, 20352, 6636, 732, 2055, 1700, 1764, 512, 1814, 12660, 23920, 41699, 49883, 49780, 49687, 49834, 50424, 49826, 41337, 29441, 21935, 16117, 7884, 8468, 15513, 24081, 30372, 38386, 49634, 49849, 50078, 50124, 49701, 50412, 50384, 49638, 41676, 34333, 27236, 21812, 18729, 19159, 19650, 21013, 24504, 29617, 26993, 15909, 278, 1170, 1472, 839, 345, 1431, 10169, 22873, 38325, 50442, 50384, 49618, 50424, 49634, 49781, 43843, 36352, 27298, 20332, 13964, 13661, 15396, 19289, 24949, 34580, 48930, 50239, 49670, 50393, 50134, 50396, 50401, 49833, 50435, 39263, 38227, 28000, 24372, 21021, 18975, 15564, 15545, 12336, 1375, 1751, 1814, 1920, 365, 2093, 8396, 18756, 29660, 41270, 50204, 49632, 50392, 49646, 46282, 39080, 35803, 30159, 23372, 20301, 17897, 19918, 22016, 24674, 28180, 34449, 45568, 50395, 49664, 50214, 49664, 50150, 49646, 50065, 49907, 42478, 35735, 28646, 23654, 27649, 19731, 11029, 13715, 11121, 1908, 1799, 1392, 545, 1822, 1616, 11508, 16896, 22451, 29375, 36905, 36061, 39432, 39679, 39240, 39291, 39716, 36232, 33792, 33322, 31803, 30336, 30203, 31712, 33648, 36407, 39123, 40811, 40029, 41393, 42686, 42406, 41939, 43200, 43292, 43583, 43925, 41190, 40199, 35897, 34961, 31582, 27714, 23506, 15899, 5123, 704, 1601, 1356, 109, 994, 1697, 87, 472, 4112, 11980, 18453, 26998, 35523, 41082, 48361, 49664, 49526, 50466, 49670, 49683, 49684, 44603, 40623, 38928, 37019, 33726, 32696, 31580, 34728, 36006, 36175, 37642, 42388, 43734, 43812, 41750, 39760, 39212, 33296, 25981, 21220, 12372, 3019, 1806, 2078, 2055, 129, 771, 273, 2049, 1309, 1617, 13144, 20280, 30946, 39739, 46364, 49704, 50424, 49638, 49778, 49840, 50432, 48659, 43880, 36934, 34694, 32383, 28121, 28736, 27848, 28468, 32948, 31538, 33038, 37732, 39731, 41900, 41883, 38347, 39450, 35587, 27287, 23127, 12963, 2900, 2027, 2053, 113, 192, 477, 1281, 1872, 1703, 4070, 14349, 18559, 27766, 34927, 40978, 48248, 50392, 50270, 50110, 50432, 49835, 46718, 42063, 39130, 38947, 33792, 32179, 28997, 28876, 29444, 32230, 28192, 30687, 34044, 35850, 35957, 36036, 35129, 35536, 31634, 25622, 21727, 12704, 2161, 799, 116, 1100, 1711, 477, 2065, 983, 516, 4289, 14389, 20969, 30822, 38488, 43364, 49592, 49660, 49646, 49747, 50419, 47516, 46484, 42023, 38847, 39915, 35792, 34339, 32931, 32485, 32371, 32786, 28681, 32091, 31750, 32494, 33344, 31653, 29461, 31722, 26809, 24072, 19856, 8985, 5158, 1775, 87, 333, 1991, 1616, 609, 1891, 321, 8092, 14392, 21660, 31033, 38058, 44206, 48426, 49378, 50176, 50425, 50424, 50411, 47594, 43931, 44091, 40140, 36925, 35107, 34449, 33161, 33523, 31162, 33191, 34968, 33756, 32995, 33234, 32623, 32215, 27871, 24991, 20725, 10600, 2932, 1871, 179, 1975, 673, 124, 1969, 812, 101, 4692, 11816, 18679, 27433, 33374, 41185, 46806, 48335, 50456, 50426, 49642, 50072, 47474, 44755, 42750, 44349, 39244, 38198, 36530, 37162, 35128, 35680, 31428, 36740, 31940, 31261, 29043, 27648, 25260, 23519, 16031, 16214, 7118, 837, 317, 2077, 1060, 2054, 1813, 935, 1686, 1587, 9052, 13687, 18205, 23711, 29152, 34687, 39973, 42325, 45386, 49210, 49584, 49550, 47848, 45704, 43073, 42835, 37484, 36593, 35230, 35359, 33886, 34109, 30001, 34455, 32371, 33006, 31232, 30104, 27427, 26009, 20389, 19100, 12005, 4178, 1344, 1824, 413, 416, 653, 1991, 1439, 121, 5773, 11763, 15795, 21255, 28334, 33528, 39565, 42402, 45114, 49006, 50422, 50184, 49278, 48715, 47054, 46527, 43335, 38774, 37736, 35402, 33824, 33318, 30694, 31578, 31880, 31292, 32042, 29683, 27093, 26594, 22741, 20781, 15463, 6915, 2437, 448, 832, 543, 405, 249, 644, 1293, 1550, 6901, 9759, 15303, 21278, 26816, 31820, 36270, 39810, 46073, 49208, 48952, 48895, 50249, 48994, 47326, 47580, 42497, 41456, 39190, 37771, 37271, 35095, 33570, 36784, 32450, 33476, 32558, 29913, 28056, 26962, 21656, 20568, 12995, 6609, 4221, 2064, 1291, 93, 664, 1823, 1536, 81, 112, 6597, 10795, 15848, 21445, 26758, 31606, 35746, 38962, 43483, 45056, 46128, 47267, 48128, 45950, 46640, 46856, 42902, 41423, 39160, 38400, 37233, 32430, 32925, 32853, 28796, 28301, 27684, 25783, 24841, 23856, 21892, 20139, 13904, 10582, 8349, 5094, 1816, 1180, 639, 894, 409, 2199, 4254, 6921, 10512, 15833, 20772, 25544, 29318, 34859, 38750, 42390, 43660, 45998, 47361, 47263, 45550, 45642, 47115, 44038, 42212, 40479, 38004, 34661, 31382, 29287, 30804, 25683, 25157, 24725, 24454, 22447, 23229, 20723, 21352, 17621, 14549, 12444, 12910, 9428, 8189, 7398, 7987, 6355, 7214, 8143, 10640, 10825, 14774, 18909, 21998, 23799, 30533, 34054, 35987, 38560, 41119, 41926, 41984, 41368, 42097, 47075, 47082, 44454, 44618, 44241, 39210, 38308, 35794, 37347, 30728, 30792, 30150, 30049, 26701, 26074, 24224, 22741, 17973, 18640, 15024, 11901, 8012, 3330, 613, 3156, 1443, 284, 716, 3507, 5060, 9620, 16432, 22216, 27095, 33191, 37791, 42787, 44624, 47158, 48152, 46922, 45090, 45716, 42282, 41826, 40491, 38097, 37380, 35328, 34467, 35308, 34223, 33617, 32224, 30117, 29961, 27960, 28072, 25886, 23668, 23120, 22087, 20115, 15343, 11297, 10332, 6888, 4293, 1665, 2972, 4008, 1611, 5228, 7577, 9703, 12440, 16258, 22682, 25180, 31679, 37780, 42616, 44395, 47279, 48928, 49518, 47336, 46301, 42092, 39274, 38109, 32884, 33384, 31113, 30225, 30168, 31428, 31383, 34409, 32726, 36502, 34068, 33420, 28875, 27712, 23887, 19385, 15376, 9928, 6392, 4535, 1420, 84, 423, 117, 884, 2615, 5955, 8393, 12850, 16305, 21523, 27123, 32024, 35374, 38567, 39241, 43367, 42496, 43459, 42022, 41898, 40665, 39786, 39888, 41821, 38511, 39564, 38706, 37515, 36371, 34867, 32544, 30657, 28711, 27736, 24264, 22193, 20569, 19191, 16597, 15047, 10860, 11431, 7392, 8056, 4125, 6464, 4377, 7990, 6045, 10129, 10807, 12323, 13805, 17385, 19753, 23281, 27559, 31415, 32814, 36566, 39923, 39960, 41953, 41506, 41915, 42121, 42120, 42157, 38534, 37635, 36008, 34431, 33023, 32889, 29730, 30584, 26924, 29004, 25365, 26553, 24337, 25020, 22677, 22257, 20349, 16215, 14411, 13009, 11288, 8397, 8942, 7248, 6587, 6704, 8009, 10064, 11647, 15360, 18650, 22579, 26625, 30546, 35932, 38717, 40881, 42281, 42192, 42802, 40854, 40568, 38795, 37663, 36600, 37242, 34768, 35846, 34924, 34444, 33883, 33759, 34132, 31441, 31540, 29505, 26246, 24675, 22796, 21002, 18991, 17542, 14566, 11025, 10321, 9056, 8132, 7754, 8339, 8532, 9217, 9679, 12700, 11217, 15542, 17235, 20214, 22508, 27704, 29821, 32601, 33500, 38913, 39473, 41048, 42437, 43010, 41934, 42666, 41676, 40718, 37836, 36264, 34794, 32430, 32032, 31858, 29769, 30292, 28840, 29538, 27756, 29279, 26288, 25452, 23666, 21593, 19372, 17071, 15151, 13182, 10732, 9067, 8071, 7057, 7616, 5952, 5171, 8419, 6865, 9763, 12017, 16748, 19046, 23587, 28010, 33117, 37098, 41867, 43256, 44474, 45671, 45524, 42860, 41848, 39728, 38212, 35476, 34216, 33417, 30801, 30295, 29762, 28787, 29657, 28023, 28793, 26689, 27776, 25774, 25137, 23815, 23423, 20039, 18565, 13852, 10673, 8204, 5999, 4696, 7253, 6562, 7747, 9009, 13405, 15839, 18344, 22150, 24831, 26652, 31213, 32709, 36120, 37331, 40217, 41818, 41099, 41993, 42236, 40638, 39292, 38429, 36578, 36048, 33172, 28363, 30768, 26859, 26082, 27023, 26658, 26047, 28107, 27850, 29800, 26543, 29517, 29075, 27807, 26944, 24256, 19657, 16556, 13048, 8471, 4424, 2970, 2641, 1517, 2615, 6520, 7703, 10289, 16221, 21288, 25093, 30647, 35872, 39541, 40992, 44749, 44624, 41944, 41831, 40111, 37898, 34106, 33931, 30580, 29896, 27311, 29976, 29341, 29893, 31036, 33556, 31016, 33036, 32490, 32024, 30324, 30136, 28895, 27822, 26770, 25321, 21497, 19367, 15651, 12870, 6105, 2760, 1218, 351, 417, 113, 3304, 5990, 6950, 11603, 16595, 20055, 24557, 32139, 35092, 38702, 41500, 44099, 43659, 43576, 43501, 39840, 36185, 33080, 30977, 30017, 31186, 27248, 30703, 32809, 30609, 33924, 37328, 35769, 38747, 38700, 38545, 36549, 35066, 33120, 29648, 27053, 26673, 22854, 14067, 10224, 6224, 1404, 269, 349, 213, 1974, 904, 2039, 2220, 7214, 15665, 21641, 24932, 31823, 39567, 41270, 43199, 46816, 47850, 43144, 43265, 40741, 36218, 32417, 32732, 31455, 29187, 29947, 29577, 30323, 32375, 33058, 36111, 37316, 38411, 39770, 37499, 36870, 33242, 31304, 27573, 23531, 20918, 17746, 12368, 5948, 2240, 1053, 2084, 1168, 595, 1577, 1344, 1303, 5734, 9232, 14956, 25102, 32121, 36520, 42282, 49289, 50410, 49565, 50392, 49784, 46203, 41014, 38569, 34600, 27536, 25244, 24397, 23238, 28456, 28039, 27817, 37841, 40746, 37336, 45024, 48938, 43703, 42691, 46139, 38696, 32046, 29865, 25088, 17877, 13314, 7693, 176, 1810, 1830, 1488, 2015, 95, 2016, 1996, 87, 12073, 21849, 26125, 36641, 45347, 47875, 50184, 49614, 50425, 47608, 42237, 39866, 33918, 25619, 21269, 20480, 15462, 13903, 15997, 22165, 28768, 37504, 34656, 44762, 50416, 49662, 46646, 50432, 49658, 40389, 40211, 38774, 28771, 23749, 21559, 17619, 11996, 3445, 1229, 153, 383, 1088, 1824, 89, 1379, 635, 10903, 21649, 24136, 30148, 40782, 46247, 42892, 44063, 47438, 44163, 35429, 31497, 29581, 23356, 18254, 19157, 20851, 20894, 21462, 26002, 32207, 43962, 47972, 44266, 49693, 49739, 50424, 45714, 49678, 45632, 35295, 32807, 32809, 27903, 22726, 21004, 21529, 18785, 8983, 735, 269, 2076, 91, 1175, 2092, 1456, 172, 516, 18368, 27136, 29685, 36836, 49739, 49694, 46833, 44720, 46462, 42064, 30693, 26012, 26332, 25922, 22040, 22855, 28834, 34666, 34600, 38565, 50397, 49962, 50421, 50403, 50410, 49867, 44605, 35782, 33904, 31899, 25680, 19884, 19337, 21993, 21497, 18213, 18551, 15981, 4526, 476, 95, 1112, 217, 1823, 1061, 1951, 113, 18449, 30423, 36887, 42101, 46853, 50415, 50402, 43939, 38021, 36183, 31456, 24022, 19865, 22291, 25380, 27974, 28083, 31872, 38167, 41277, 42849, 46428, 49979, 49681, 45522, 43764, 45453, 38305, 32052, 27624, 27853, 31912, 33117, 27412, 30149, 34786, 31299, 20992, 4035, 345, 133, 1411, 2017, 385, 284, 1232, 112, 10365, 31016, 46108, 49854, 48505, 49056, 50414, 49638, 34228, 22529, 18577, 16603, 13676, 11196, 12305, 25118, 34489, 37209, 39186, 43373, 49384, 49872, 50314, 50424, 43793, 47862, 45888, 38078, 31650, 25889, 27640, 32322, 31696, 27542, 29927, 36913, 36099, 32606, 21824, 3909, 2063, 886, 1639, 668, 1891, 877, 152, 1089, 13173, 32151, 50443, 50385, 49520, 49644, 45844, 43646, 33976, 19992, 10446, 11044, 15607, 18797, 21897, 28860, 37928, 47129, 50619, 48594, 47608, 48287, 49516, 50130, 44086, 33924, 35561, 35085, 33026, 30091, 25469, 26379, 33812, 36535, 34001, 33766, 31929, 30386, 23430, 4933, 1357, 1779, 933, 671, 870, 124, 320, 8519, 26320, 39089, 49902, 49947, 50022, 50367, 45524, 34101, 26541, 19299, 11572, 6785, 7975, 14873, 27210, 36939, 45432, 50011, 49775, 50337, 49944, 47156, 40882, 40689, 40798, 36158, 32496, 30462, 28447, 31447, 32540, 31825, 33560, 38474, 39879, 41224, 43157, 36923, 26204, 13204, 105, 1749, 1851, 1004, 113, 113, 1696, 628, 18116, 31924, 41274, 49448, 50424, 49624, 49614, 40829, 24205, 15225, 10577, 11631, 10599, 8219, 14698, 27648, 43021, 50023, 50404, 50424, 50172, 45831, 43234, 38387, 32894, 32693, 31127, 30270, 34500, 34149, 33964, 34853, 34137, 36989, 39173, 40113, 40616, 37711, 34405, 28892, 21416, 7112, 2086, 115, 1651, 704, 629, 1686, 2078, 7253, 27884, 42779, 50244, 50343, 49637, 49842, 47797, 33634, 18337, 8627, 7564, 9572, 12704, 19031, 24917, 37731, 49864, 50432, 49944, 49809, 41992, 34353, 31512, 30447, 30672, 27888, 23560, 25600, 30740, 36724, 41430, 41869, 39720, 40384, 41490, 41302, 40933, 35098, 28197, 23361, 17414, 6211, 85, 221, 1456, 1528, 153, 265, 1643, 7491, 32214, 45924, 49643, 49994, 49726, 50339, 47108, 31701, 14736, 3649, 1536, 4125, 12655, 18913, 26278, 36024, 47791, 49904, 49638, 49792, 43030, 32839, 23227, 21005, 20095, 29165, 34743, 34377, 39500, 40675, 42814, 47120, 44329, 43291, 40322, 39458, 41820, 40354, 34797, 26694, 15163, 2515, 2052, 889, 673, 412, 445, 452, 2018, 113, 32073, 49793, 49907, 50431, 50435, 49654, 49679, 35716, 13978, 249, 237, 1902, 12089, 20736, 26384, 34233, 44614, 49646, 49614, 50372, 47721, 32865, 24294, 23420, 25561, 31301, 31913, 29338, 31991, 36892, 44767, 48303, 44919, 39936, 36097, 36558, 38995, 38511, 32665, 24469, 17792, 12016, 5203, 2082, 225, 412, 1373, 1845, 1617, 639, 452, 28674, 48188, 50342, 50395, 49699, 50249, 50560, 35334, 16348, 2247, 85, 3111, 10509, 18916, 24137, 31979, 43963, 49634, 49672, 49700, 47287, 35001, 24991, 19904, 18028, 17391, 23695, 32568, 38173, 43300, 45277, 43921, 43378, 40712, 40053, 39458, 38634, 39210, 37238, 32936, 28208, 19319, 9680, 351, 125, 2085, 1701, 484, 1040, 159, 1893, 22070, 41608, 48327, 47030, 49376, 50232, 47619, 33698, 13112, 743, 947, 1281, 11164, 17905, 22292, 31288, 43641, 50427, 50425, 49938, 49699, 35957, 28166, 22390, 17405, 12470, 14993, 27060, 34681, 43622, 48746, 47393, 47582, 46823, 44576, 45181, 40917, 37708, 36008, 30544, 27774, 22060, 13262, 5525, 1387, 1703, 139, 129, 2014, 1919, 112, 1489, 24487, 40047, 44366, 45472, 49961, 50348, 49702, 38047, 17097, 6023, 7055, 12616, 14909, 13932, 16412, 28577, 46360, 50352, 49656, 49634, 44996, 37985, 33533, 26279, 13362, 2688, 1657, 22789, 43964, 47679, 47176, 42759, 43606, 49666, 50430, 43862, 34878, 31540, 38206, 42256, 37788, 25536, 15132, 8113, 6227, 2087, 1232, 592, 1764, 305, 1731, 1878, 125, 15942, 27429, 39404, 49744, 49668, 49664, 45002, 28805, 17881, 15880, 14567, 8916, 4471, 7426, 21339, 40200, 50427, 50415, 50131, 50203, 50232, 47037, 33802, 20311, 11076, 10247, 24979, 30327, 29190, 33205, 37079, 45728, 50413, 46006, 38350, 36933, 39511, 45188, 44524, 34942, 29925, 28467, 27122, 20736, 2705, 193, 148, 979, 1843, 149, 713, 1069, 1884, 19345, 29096, 40368, 49923, 49670, 49785, 49954, 32870, 24647, 18905, 15364, 3541, 1296, 917, 17543, 32583, 40811, 44313, 47295, 50223, 49853, 50402, 41403, 30858, 24754, 23855, 27932, 33064, 27353, 28706, 38604, 41599, 41296, 40298, 35847, 38073, 43188, 46651, 45774, 41906, 38716, 36529, 31069, 16441, 1345, 1860, 305, 93, 287, 1663, 1730, 2070, 105, 1974, 17524, 36040, 49932, 50204, 49642, 50308, 43799, 37900, 32173, 21368, 9543, 4748, 8313, 14775, 20919, 26256, 31339, 38224, 44107, 46183, 43462, 40510, 36831, 32658, 28312, 24581, 29879, 35424, 30763, 33280, 38768, 36224, 35084, 39443, 40173, 44171, 47339, 50131, 50274, 47978, 39640, 33847, 23306, 6569, 2087, 1054, 113, 773, 521, 727, 112, 1991, 1092, 5916, 33400, 42405, 49454, 50176, 49799, 49767, 49636, 45617, 39201, 29782, 13988, 10209, 9395, 6087, 5471, 14388, 19441, 27037, 32928, 39170, 44697, 49543, 47645, 47025, 45654, 45842, 45682, 39785, 36642, 36753, 29960, 25088, 27061, 28645, 28672, 33883, 40785, 44770, 44904, 41427, 39152, 34093, 20168, 7407, 129, 620, 613, 1296, 1711, 791, 165, 2054, 1751, 9385, 20701, 28148, 50029, 50403, 50362, 50417, 49800, 50409, 50425, 41328, 32316, 26805, 14374, 2963, 6303, 8703, 4924, 10067, 18363, 23904, 29833, 35920, 41739, 45758, 45607, 49664, 49622, 37844, 40992, 45935, 27851, 22578, 28830, 26112, 24238, 30512, 33743, 39136, 40615, 36040, 37152, 33214, 20752, 15015, 5421, 1343, 1024, 1261, 1990, 401, 2084, 216, 2071, 1808, 1756, 23780, 46510, 45690, 50344, 49598, 49618, 50390, 49670, 49632, 49650, 36000, 24348, 26211, 19120, 7669, 12838, 17411, 12809, 14973, 24305, 27201, 29769, 33152, 41814, 50411, 45382, 42322, 50277, 50354, 33684, 39424, 41547, 31941, 32682, 38274, 37312, 33963, 33189, 35067, 30852, 19382, 16470, 15440, 384, 1328, 1663, 257, 1146, 704, 915, 245, 1168, 1991, 97, 24093, 34463, 38068, 48280, 50128, 50420, 49754, 49654, 50376, 50208, 41642, 39582, 37299, 23537, 16308, 21104, 13188, 9860, 12527, 14582, 14481, 17288, 20248, 30464, 41342, 43216, 46838, 49852, 49752, 47778, 50426, 49743, 42324, 43874, 46488, 40418, 35802, 34904, 33261, 25889, 18264, 18568, 15277, 2445, 1974, 1959, 105, 2112, 644, 349, 1904, 121, 1881, 1984, 5392, 23296, 31322, 37781, 49992, 49638, 50409, 50284, 50440, 49668, 50425, 49283, 46943, 33556, 23808, 25488, 18073, 10089, 9894, 11357, 9156, 7291, 12387, 18787, 26557, 38791, 35329, 45530, 49622, 49756, 47890, 50425, 50405, 46802, 50238, 47076, 40368, 38473, 35234, 28708, 21297, 19436, 18112, 8704, 421, 2054, 1600, 2069, 1703, 592, 1955, 1181, 140, 897, 2080, 16092, 26421, 29410, 37600, 49851, 50111, 50403, 49622, 50196, 50253, 49495, 49638, 47775, 34522, 31913, 30859, 17639, 10895, 11347, 8903, 825, 1849, 9599, 12119, 19480, 33456, 32536, 40482, 50419, 49736, 49693, 50136, 49962, 49644, 50421, 49740, 45422, 41007, 34593, 28054, 19875, 15201, 12976, 3291, 189, 492, 99, 1024, 116, 1913, 1935, 679, 732, 1824, 209, 17315, 26870, 31356, 40574, 50381, 49652, 50145, 49682, 50444, 49871, 50060, 50168, 45436, 34364, 34641, 29601, 17777, 14299, 13761, 9166, 4452, 8098, 11911, 12558, 22806, 38217, 33576, 41133, 50175, 49909, 49215, 49642, 50208, 50354, 50402, 50250, 44642, 38912, 35703, 31781, 20325, 14741, 14708, 5335, 273, 1593, 1809, 1467, 265, 1808, 2100, 193, 2084, 2094, 1199, 17692, 31344, 33889, 41545, 50151, 49632, 49735, 50424, 50395, 50221, 50391, 50419, 49890, 36191, 30473, 30472, 17237, 9620, 9956, 8297, 1292, 1867, 6853, 7920, 12767, 30854, 38652, 36049, 50186, 49953, 50505, 50489, 50268, 49689, 50424, 49630, 48569, 40286, 37634, 33024, 25641, 15792, 14297, 13604, 3536, 771, 1851, 125, 153, 2007, 2073, 1203, 1303, 1998, 397, 2384, 21786, 30456, 32997, 42316, 49645, 50192, 50368, 50425, 49638, 49736, 49652, 49759, 49689, 34902, 32234, 28867, 13469, 6732, 7157, 2147, 2057, 1990, 3903, 5925, 10936, 29900, 37839, 38594, 49667, 50291, 49839, 50346, 50367, 49632, 50278, 50425, 50407, 49636, 43776, 39273, 31744, 20526, 14340, 13312, 2752, 543, 1591, 1260, 129, 1971, 2022, 2112, 1645, 228, 556, 2094, 12049, 29295, 33636, 36606, 49664, 49983, 49739, 50298, 49911, 49897, 49638, 50063, 50446, 42323, 29555, 30596, 21186, 10606, 6673, 9262, 2807, 1984, 5972, 12156, 13903, 30673, 45358, 42445, 50427, 50408, 50271, 49632, 50094, 50288, 50314, 50258, 49666, 45399, 38504, 31636, 25380, 14016, 5464, 4918, 976, 1139, 2018, 2068, 1943, 1079, 1872, 1345, 719, 1761, 11543, 12988, 14016, 30152, 44612, 43567, 47519, 50488, 50409, 50424, 49777, 49835, 49627, 50266, 44792, 39676, 25367, 15172, 12771, 7501, 1553, 488, 2457, 3822, 5326, 11824, 20932, 35428, 49863, 47974, 49640, 49938, 50411, 50417, 50432, 49747, 49632, 49632, 49668, 46463, 40702, 32802, 24809, 18416, 10760, 4109, 4700, 767, 1744, 2022, 140, 2005, 568, 680, 1233, 1991, 2801, 16498, 14311, 24668, 44824, 50086, 50332, 49734, 50318, 50395, 50424, 50433, 49691, 50441, 38307, 30652, 28135, 16729, 6752, 2864, 2380, 1860, 393, 2060, 9303, 16208, 21476, 28514, 49672, 49630, 49899, 49646, 49779, 50188, 50417, 49955, 50076, 49634, 50416, 44576, 42226, 37536, 24159, 18551, 17762, 10432, 4247, 4476, 2078, 113, 1158, 531, 2076, 1957, 97, 1808, 247, 24337, 21755, 25090, 44038, 50362, 49634, 49632, 49670, 49664, 49783, 49962, 46853, 47803, 42765, 25184, 13981, 10023, 4894, 1092, 2064, 1909, 2645, 10519, 10153, 15799, 29480, 38607, 50432, 49875, 50367, 50295, 50342, 49696, 50339, 50308, 50432, 49103, 47246, 41436, 29920, 27081, 22508, 14273, 10092, 8915, 5397, 5824, 5996, 1251, 1427, 2086, 998, 1808, 1480, 672, 1075, 14215, 29101, 35990, 41098, 45698, 49634, 49672, 50120, 50395, 50416, 49737, 49736, 45982, 34992, 23091, 19228, 16080, 7409, 1076, 823, 3904, 8323, 13202, 17660, 21042, 31961, 42986, 47875, 49668, 50380, 50202, 50051, 49803, 49636, 50408, 50368, 44091, 37244, 37695, 34020, 29187, 29820, 26753, 19956, 18257, 17584, 17396, 16416, 11814, 3510, 1830, 173, 165, 324, 1361, 113, 3140, 10409, 18774, 28269, 38759, 42554, 42739, 50425, 50366, 49646, 50176, 49664, 43154, 37845, 35470, 29635, 24561, 20639, 15091, 13493, 17880, 18966, 19894, 22528, 27343, 28592, 34391, 39738, 41462, 47960, 49735, 49735, 50417, 49638, 46827, 43360, 43640, 40463, 35537, 32206, 30918, 29833, 33412, 32945, 26401, 24149, 23872, 22965, 24528, 21606, 17457, 13413, 8341, 1873, 1766, 349, 1792, 2764, 7251, 8273, 9547, 13585, 20560, 28542, 33036, 38985, 41809, 42675, 45308, 45729, 43532, 40195, 34358, 29445, 28255, 27281, 25399, 22664, 22424, 23060, 24576, 28511, 30818, 30634, 30667, 31824, 34859, 38439, 42968, 45208, 44190, 40108, 38586, 37577, 39045, 37349, 34504, 32825, 33958, 33868, 35388, 33781, 32016, 29909, 27677, 28068, 26758, 27253, 25536, 20352, 16597, 8839, 313, 129, 1043, 1207, 488, 1024, 128, 3087, 8023, 13505, 20706, 27615, 35615, 40547, 44132, 44343, 43798, 42378, 39102, 36292, 33821, 32421, 31835, 30184, 29948, 29070, 29032, 29373, 30604, 30492, 30927, 29893, 27606, 28245, 30231, 31898, 33736, 31931, 27279, 26047, 25732, 25453, 25462, 28265, 30839, 32300, 34697, 36306, 36727, 35605, 35400, 34095, 31346, 29076, 25166, 21858, 17408, 9499, 2639, 588, 973, 711, 129, 1751, 1988, 337, 1624, 708, 7092, 14528, 23682, 32839, 38724, 40642, 42282, 39858, 37173, 35012, 33816, 33108, 30838, 28405, 25680, 24434, 26435, 26944, 29488, 29829, 29335, 28709, 28420, 26315, 27543, 30020, 30685, 32372, 32789, 29989, 30209, 29641, 30331, 31388, 32545, 34933, 35405, 36637, 35495, 33719, 33352, 30670, 29666, 27627, 24475, 21431, 19349, 16407, 11784, 6284, 620, 143, 448, 1856, 2014, 1733, 1564, 3364, 8867, 13454, 18060, 25463, 34476, 43918, 49977, 50427, 49654, 50400, 46095, 43896, 41971, 39606, 37386, 33253, 29273, 25991, 24644, 24284, 23893, 23144, 22933, 21280, 19447, 18972, 19997, 23183, 25635, 27447, 28040, 27382, 26491, 24849, 24972, 26691, 28062, 29094, 29077, 29699, 29130, 26953, 26956, 25536, 23439, 21733, 20044, 15569, 12457, 8704, 4224, 2003, 1840, 396, 2051, 979, 335, 2003, 2084, 1472, 3884, 6153, 9881, 14948, 22837, 31291, 38332, 41369, 38565, 33023, 27263, 22761, 23205, 24792, 23558, 20318, 17253, 14532, 13312, 15072, 17115, 18578, 19628, 18793, 17236, 14982, 13585, 13313, 17905, 24518, 28276, 26855, 22493, 16320, 14229, 14953, 17676, 20754, 23195, 25039, 23368, 21927, 20205, 17225, 15158, 13808, 11880, 9729, 6748, 3776, 1857, 2063, 817, 2080, 852, 297, 754, 412, 5123, 14224, 19819, 22583, 26343, 33008, 41251, 50371, 49762, 50128, 50200, 40024, 32000, 28232, 30589, 33547, 34282, 32633, 29896, 28836, 28598, 33104, 41105, 47595, 50019, 49632, 47984, 42782, 41418, 42089, 46562, 49623, 50393, 49654, 50411, 43308, 38162, 41324, 46470, 50222, 50443, 49642, 50428, 46926, 43822, 41860, 38254, 34874, 29353, 24632, 19578, 13673, 6757, 157, 112, 1841, 973, 1937, 6976, 30080, 47008, 49966, 49843, 49692, 50431, 49654, 49676, 49639, 49672, 49780, 40647, 29363, 26080, 28812, 36384, 43092, 46638, 46736, 45955, 47656, 50403, 50425, 50424, 50227, 49866, 50418, 38874, 31120, 28852, 33663, 43108, 50433, 50395, 49673, 49660, 49712, 50395, 49818, 50147, 49794, 49640, 49606, 49753, 50300, 45110, 40351, 34620, 28561, 22788, 15866, 10304, 2583, 2017, 128, 1731, 2084, 273, 1838, 29646, 50400, 49640, 49709, 49636, 49833, 49634, 49636, 49645, 44740, 27920, 5996, 1639, 919, 10614, 32938, 49906, 50416, 49780, 49630, 49760, 49714, 50409, 49901, 47310, 31203, 12864, 2017, 1484, 7204, 24046, 45546, 50104, 50415, 50176, 50375, 50384, 45819, 39625, 36488, 36128, 37962, 39001, 38251, 34795, 30767, 26121, 21625, 16524, 13392, 10644, 7026, 1283, 764, 1815, 1779, 689, 368, 281, 793, 50278, 50396, 50440, 50432, 49676, 41068, 38463, 34964, 27527, 9238, 1580, 708, 393, 15182, 47472, 50156, 49670, 50411, 50408, 49620, 46969, 41367, 30576, 14820, 1798, 94, 1876, 144, 21658, 39937, 50421, 49835, 49622, 50448, 50363, 49815, 45739, 23129, 10950, 11766, 25081, 42970, 50250, 50425, 46224, 36036, 29813, 25963, 24680, 19442, 9984, 204, 755, 1799, 552, 1871, 1272, 428, 140, 5590, 50418, 49853, 50299, 50416, 40682, 16904, 8652, 6271, 1311, 1425, 97, 142, 6657, 44774, 50274, 49644, 49939, 50425, 49811, 35087, 25655, 18220, 6628, 871, 1766, 2082, 18985, 44500, 50421, 49646, 49647, 50178, 49630, 50209, 50441, 49638, 31082, 16080, 16487, 33546, 50313, 49890, 50360, 50184, 47286, 43175, 43569, 42185, 32082, 16146, 2624, 2017, 113, 1600, 1927, 2007, 99, 112, 1420, 112, 10371, 50440, 50440, 49633, 50155, 28576, 10031, 6779, 7819, 2116, 1538, 95, 11142, 46640, 49739, 49631, 50012, 50189, 50295, 33197, 26690, 22425, 13963, 2175, 924, 10500, 35261, 49634, 50366, 50420, 41422, 25315, 20588, 30008, 42474, 50356, 49742, 49736, 46316, 47370, 48640, 47559, 43427, 44488, 50456, 50211, 49636, 50361, 44321, 20909, 4665, 590, 7617, 14288, 15228, 3905, 2062, 1261, 1363, 1603, 2055, 281, 2031, 13485, 49983, 49635, 50028, 50367, 17256, 889, 3356, 6480, 1846, 1873, 4630, 32944, 49872, 49743, 50355, 50411, 45751, 27978, 23501, 24723, 20140, 11185, 4657, 13230, 34781, 49664, 49642, 49867, 35449, 18033, 15377, 25975, 46593, 50441, 49697, 44388, 41038, 43890, 48146, 49792, 46184, 44607, 50048, 50284, 50397, 49664, 37803, 17677, 6144, 5653, 15728, 22166, 21967, 18141, 10988, 6319, 1146, 1514, 316, 273, 1407, 1745, 157, 1308, 45961, 49931, 49954, 50274, 35297, 15452, 9759, 11200, 5092, 1557, 1646, 23616, 50316, 50302, 49907, 50347, 50321, 32939, 26340, 26257, 19977, 9671, 2064, 9754, 31145, 50433, 49634, 49648, 30530, 14360, 14949, 22292, 38271, 49632, 50427, 50416, 49664, 46286, 33743, 26868, 27230, 37239, 50425, 50192, 50409, 50407, 50338, 28418, 11659, 4297, 8324, 14071, 21710, 22505, 17966, 11324, 2070, 380, 147, 319, 908, 1861, 2080, 1876, 2076, 211, 16848, 49824, 49642, 50034, 50432, 16048, 8494, 15064, 12447, 1814, 1926, 2085, 39054, 50291, 49618, 49771, 49638, 26014, 19839, 23474, 22934, 9412, 1750, 1927, 10783, 39521, 50424, 50411, 29321, 12666, 14986, 40997, 50425, 49784, 49692, 40104, 18639, 21285, 37109, 49404, 49665, 50344, 49885, 49632, 50200, 49861, 19599, 1112, 1119, 2525, 17408, 20945, 16799, 13484, 13812, 17520, 17859, 11622, 2720, 117, 1381, 228, 91, 911, 1255, 1990, 1264, 216, 1814, 31905, 50432, 49905, 49634, 20959, 479, 4677, 18253, 16796, 2007, 1860, 379, 43389, 50539, 49679, 49632, 28888, 13359, 26819, 39715, 38752, 19071, 7120, 15236, 46555, 49880, 49636, 50421, 45312, 44574, 49668, 50407, 47732, 29966, 22784, 28093, 41203, 48491, 44548, 34517, 27313, 28571, 34120, 35584, 30073, 23640, 18029, 19112, 19468, 18945, 17236, 15918, 17053, 20861, 23867, 24097, 22841, 17821, 17764, 20732, 23218, 16057, 8241, 5156, 4569, 6172, 2052, 1553, 640, 95, 1201, 1956, 989, 50440, 50418, 50456, 50425, 305, 2084, 6044, 27697, 29223, 21272, 21412, 40352, 50410, 50274, 49715, 50425, 42742, 49384, 50425, 49634, 46454, 30489, 26576, 37411, 49894, 50010, 47947, 40778, 38202, 42116, 46412, 44666, 36277, 25938, 19091, 18705, 20041, 23517, 28358, 33013, 37515, 35293, 32324, 28283, 26310, 24959, 22577, 18715, 15223, 13171, 12497, 11975, 11784, 12781, 14857, 16549, 18927, 18653, 20196, 17523, 13167, 7376, 2873, 4780, 8517, 8549, 5783, 1831, 1432, 11884, 42183, 50034, 50395, 35477, 7164, 1351, 7409, 26355, 39714, 43578, 44570, 43257, 39573, 39719, 41225, 44195, 42750, 35847, 34304, 43352, 49727, 50274, 47256, 38091, 35127, 42442, 50056, 50426, 48275, 44642, 45603, 44235, 38258, 29286, 22911, 22342, 28628, 34660, 38912, 39135, 33629, 25380, 19231, 17671, 19628, 21421, 22169, 23179, 23701, 23080, 20316, 15963, 13902, 16128, 24380, 27524, 26249, 25124, 22913, 22443, 20069, 17309, 17853, 20025, 22946, 24577, 24816, 24615, 21507, 21071, 20521, 21207, 20720, 19597, 18662, 17871, 17127, 13890, 10777, 14736, 22208, 29298, 31345, 30784, 29752, 30945, 32512, 32261, 31172, 32004, 33993, 35898, 39060, 39392, 38551, 37317, 38258, 40068, 40072, 39303, 38815, 37357, 36104, 33801, 32159, 31261, 29395, 30897, 32086, 31154, 30159, 28123, 27884, 24563, 26665, 28422, 29909, 28878, 29670, 27956, 27824, 24517, 24018, 21296, 23671, 21105, 19603, 17255, 17840, 21214, 24551, 21504, 19636, 22110, 25854, 25683, 21655, 19618, 19353, 21386, 16989, 18402, 19760, 24285, 22325, 25038, 21079, 24825, 21232, 22440, 19620, 26304, 21499, 22461, 24407, 28088, 25435, 29940, 25574, 23115, 22208, 24092, 23875, 27357, 26093, 25048, 23975, 24576, 25719, 25929, 23496, 27380, 30632, 32058, 28269, 28383, 29525, 31123, 29419, 34319, 34328, 33464, 24205, 25395, 23885, 26805, 25363, 23647, 21527, 24372, 25612, 25813, 25643, 28589, 28975, 30841, 29984, 20349, 19735, 20560, 21357, 25923, 23554, 19559, 29176, 30194, 28801, 27693, 33328, 27460, 29970, 28380, 27648, 27822, 27470, 19823, 20911, 23503, 33673, 29090, 25707, 21204, 25088, 22215, 21869, 24512, 30056, 23219, 22780, 26217, 29822, 28976, 28809, 33399, 27144, 31216, 30120, 30219, 25055, 32228, 25455, 23804, 31047, 27586, 36001, 28866, 22298, 21933, 25061, 25459, 33394, 25845, 32299, 21842, 22133, 20176, 13056, 17156, 28609, 25855, 25249, 31568, 27949, 29351, 18183, 30773, 28480, 27646, 24821, 23552, 32338, 30518, 21148, 26248, 28351, 23448, 19950, 19665, 23789, 25297, 27465, 27638, 28140, 27402, 27767, 27629, 31486, 31456, 35541, 29869, 22988, 30477, 21236, 29267, 27412, 24893, 32828, 27270, 23317, 31048, 21121, 32293, 31020, 19431, 36182, 25680, 29281, 35699, 30583, 27519, 36261, 22073, 30557, 27687, 22500, 25639, 29576, 27797, 29607, 27822, 29312, 28237, 21760, 24492, 21119, 29641, 22465, 28218, 26085, 20932, 16468, 35408, 22935, 30672, 18317, 27254, 25116, 35840, 20318, 24359, 15267, 23331, 18747, 25551, 33562, 22312, 17684, 14810, 29737, 21524, 25605, 15665, 22016, 14921, 25171, 19912, 29236, 20604, 20052, 26572, 22073, 23665, 30259, 33411, 31146, 25027, 26588, 31824, 20800, 28368, 21411, 29860, 25980, 32261, 40214, 24243, 25487, 22271, 28280, 27900, 34680, 22911, 25942, 27193, 24644, 28674, 29302, 34320, 29643, 32028, 37665, 36939, 36272, 31170, 27392, 30774, 30546, 38272, 23419, 23873, 30214, 22303, 21697, 30867, 30398, 25543, 17532, 16301, 21431, 17033, 24561, 22456, 12533, 21809, 34216, 25598, 24991, 26513, 31427, 29714, 29136, 28306, 31625, 17303, 31244, 20481, 28974, 36773, 33000, 10069, 29912, 24808, 18225, 18927, 24856, 34921, 28471, 22848, 29910, 33442, 22817, 37719, 27136, 31882, 40903, 38226, 35442, 41992, 44446, 32512, 27228, 26746, 39616, 24775, 28865, 29220, 32411, 26512, 19591, 11375, 29801, 23591, 21292, 25748, 30811, 21602, 24441, 22224, 33519, 22512, 20137, 25909, 23434, 22110, 24944, 18636, 19256, 13635, 18156, 24265, 24390, 22721, 29132, 25903, 27148, 34105, 20848, 26663, 28515, 22577, 22869, 23632, 36739, 23759, 27934, 28177, 42326, 9087, 34910, 28415, 30988, 27231, 39243, 27377, 41547, 36334, 26023, 28682, 35343, 12710, 19943, 21759, 34524, 32668, 26173, 9041, 24896, 15397, 37644, 10192, 15217, 4512, 27916, 13391, 23660, 20191, 11159, 23728, 30732, 25634, 24921, 23392, 30632, 32266, 37424, 42660, 35575, 38432, 37867, 35879, 34231, 36553, 41330, 30941, 30320, 30720, 33717, 32592, 25398, 20854, 22653, 28653, 32781, 25987, 17836, 21114, 12486, 15142, 20356, 21896, 26832, 30782, 25261, 25483, 28059, 26112, 28186, 27002, 31668, 21312, 32933, 28759, 31822, 14939, 20185, 28106, 35013, 19741, 26371, 21168, 24344, 22135, 21521, 15217, 25195, 17339, 20321, 24068, 19192, 24036, 33780, 22126, 31520, 22469, 31100, 25348, 37453, 24760, 22316, 16592, 25432, 17423, 25091, 19185, 23207, 12515, 30291, 26504, 12313, 10004, 19653, 26080, 22309, 24869, 16998, 22769, 29582, 27584, 24886, 28511, 23950, 25335, 31487, 30448, 16505, 25074, 25554, 21651, 15602, 16646, 12750, 21631, 9880, 24341, 25551, 15777, 21680, 37876, 25869, 36837, 32793, 37747, 25175, 20017, 24117, 17406, 22267, 20513, 21381, 13534, 26940, 29559, 40143, 28886, 28890, 27607, 27759, 24361, 31970, 33765, 38952, 42366, 32309, 32719, 34950, 48055, 43961, 40008, 30472, 33571, 27820, 29568, 21392, 25117, 15814, 13222, 14729, 20562, 17564, 8212, 5965, 17964, 17391, 28241, 22848, 19367, 7532, 22702, 29363, 29101, 31233, 30653, 19112, 18125, 19798, 34781, 35634, 35634, 29464, 25693, 32699, 28909, 28201, 19424, 19158, 22248, 21465, 19971, 16231, 26524, 21472, 22232, 21786, 21425, 25575, 36056, 27214, 29677, 18806, 27283, 23807, 28693, 27229, 25252, 23471, 32364, 42649, 40184, 28288, 32896, 34924, 34225, 24999, 31032, 24351, 29013, 22227, 34182, 33054, 36244, 28084, 41023, 29657, 39819, 32216, 47935, 30234, 29840, 27249, 30883, 35359, 31194, 28908, 25724, 24388, 34884, 43880, 29698, 20201, 16985, 23770, 34712, 43043, 36157, 34038, 31921, 29441, 27383, 29892, 35850, 31199, 21587, 17318, 15487, 26767, 26295, 37036, 27825, 29636, 27009, 32359, 26464, 19496, 12885, 18576, 27188, 24830, 22620, 24644, 12652, 17219, 40027, 47560, 46738, 37695, 31765, 18253, 29131, 37200, 31412, 23649, 25873, 20025, 16129, 28416, 30274, 22767, 2052, 12025, 21834, 15178, 9889, 16043, 15955, 15360, 21647, 10817, 30380, 40281, 30624, 20263, 8813, 14279, 22287, 37906, 23165, 29362, 22720, 25094, 30881, 41013, 38013, 30184, 17887, 25571, 12831, 25011, 25569, 34453, 12688, 18733, 19504, 41208, 19177, 18668, 21715, 26823, 32406, 40736, 30919, 22346, 26155, 33573, 32070, 24676, 23545, 25523, 29755, 27376, 20318, 20233, 26508, 22292, 28449, 30984, 29498, 21451, 18323, 18852, 34308, 33358, 31773, 22388, 22528, 22264, 24273, 30388, 35473, 19761, 14341, 27968, 33524, 30865, 25987, 30969, 23719, 29672, 34471, 34211, 29651, 32882, 27637, 34541, 22738, 30558, 24002, 32432, 30565, 33707, 21851, 37240, 29295, 25316, 24741, 32525, 19252, 25849, 13980, 23552, 26668, 27600, 26364, 29954, 25726, 35068, 34503, 30421, 22130, 31609, 29269, 28746, 28165, 31507, 18822, 29643, 34626, 33663, 29616, 31580, 27564, 36107, 35886, 37774, 36336, 28468, 23939, 33187, 34235, 32665, 16105, 13405, 26909, 33121, 36116, 26645, 18277, 19918, 29252, 34795, 38221, 22911, 18333, 22862, 29640, 28225, 28816, 27080, 24705, 24521, 26820, 32334, 35208, 30181, 25190, 26007, 37000, 29606, 25600, 26172, 26844, 32181, 33659, 33776, 27584, 23440, 26583, 27630, 30756, 21778, 17357, 20228, 16859, 21318, 13655, 22748, 17105, 19938, 24010, 28371, 21239, 16921, 17840, 20180, 29459, 29446, 30464, 25963, 23543, 22167, 23344, 26749, 25300, 24448, 19289, 20835, 22587, 20920, 17782, 19671, 20695, 23074, 15697, 16436, 22338, 22414, 19241, 17245, 14983, 13183, 10399, 10327, 14555, 17832, 19456, 15915, 17666, 25549, 25812, 22550, 24349, 26581, 32204, 33409, 24612, 23257, 31351, 37982, 34802, 28220, 26420, 26509, 24704, 25399, 35203, 31580, 32182, 29204, 32096, 34897, 37829, 40884, 42248, 36521, 37343, 37609, 39614, 39275, 40886, 40529, 41344, 41999, 45390, 46348, 42264, 39927, 39756, 45152, 48410, 47392, 47241, 47822, 48078, 47503, 45102, 43190, 44435, 44114, 43094, 46726, 48345, 50418, 50419, 49686, 50194, 50435, 50417, 49786, 49711, 50419, 50416, 49700, 49646, 50222, 49793, 50424, 49962, 50394, 50425, 49636, 50448, 49642, 49745, 49638, 50332, 49796, 50201, 50409, 50371, 49753, 50429, 49640, 49739, 49633, 49622, 50228, 50410, 49630, 50353, 50412, 49672, 49727, 49634, 50425, 49671, 50138, 49770, 49632, 50318, 50448, 50299, 50052, 49693, 49827, 50008, 49635, 50350, 49931, 50426, 50140, 49761, 49626, 49705, 49644, 49747, 50364, 49616, 50400, 50361, 50433, 49965, 49634, 50409, 48004, 42843, 35762, 25777, 15340, 7799, 3286, 1989, 1809, 928, 413, 1806, 254, 1985, 1236, 1107, 2084, 93, 1979, 1966, 1181, 1783, 241, 113, 185, 1831, 2015, 1905, 208, 1927, 241, 1552, 386, 1313, 2055, 101, 1958, 1927, 107, 117, 2068, 152, 1986, 209, 412, 1971, 2063, 1300, 1108, 124, 556, 93, 998, 1966, 112, 2007, 1533, 1985, 1046, 1398, 1489, 1742, 562, 89, 264, 668, 2084, 1589, 672, 1991, 199, 517, 2061, 2084, 129, 835, 137, 876, 931, 1968, 1112, 1164, 1883, 1817, 525, 1263, 1304, 113, 1427, 926, 285, 14820, 33193, 44452, 50429, 50352, 50160, 50427, 49952, 50255, 50432, 50308, 50393, 49652, 49970, 49905, 50424, 49698, 49869, 49642, 50260, 50056, 49910, 50390, 50408, 50433, 50427, 50064, 50426, 50385, 49636, 50385, 50388, 50424, 50419, 49633, 49634, 50425, 50316, 49642, 50429, 50215, 50433, 49627, 50353, 49942, 49674, 50007, 49638, 50320, 50438, 49646, 49640, 49789, 50316, 49952, 49688, 49804, 49649, 49835, 50211, 49606, 49867, 49652, 50440, 49638, 49647, 50206, 49634, 49808, 49623, 50386, 50362, 50019, 50134, 50392, 49889, 49690, 50386, 49640, 50041, 49902, 49762, 47342, 37425, 31388, 29744, 24807, 17688, 7366, 2070, 1131, 1678, 1841, 1959, 420, 1536, 95, 1187, 159, 112, 481, 870, 1475, 132, 1615, 173, 2070, 832, 2013, 4019, 5412, 177, 2080, 384, 886, 1309, 1952, 882, 1165, 159, 464, 919, 930, 836, 947, 673, 1804, 780, 1910, 8704, 20288, 26835, 24770, 15618, 2828, 108, 742, 365, 7060, 26559, 46478, 50435, 49867, 50464, 49670, 49718, 49698, 49947, 50432, 49957, 50100, 43414, 29743, 19310, 9751, 4835, 4437, 7911, 11137, 13419, 13836, 14339, 10995, 5383, 117, 309, 1945, 2048, 152, 2063, 2071, 1991, 2036, 1181, 1924, 1939, 1107, 19159, 46186, 49847, 50425, 38376, 21104, 9564, 3739, 3165, 1332, 352, 1297, 377, 2050, 351, 91, 1969, 1867, 8693, 13124, 11739, 9929, 10343, 15567, 19037, 17810, 9854, 2049, 1207, 454, 1437, 1627, 556, 159, 18477, 37556, 50415, 50180, 50039, 50425, 43841, 29834, 20578, 14545, 15689, 17564, 15962, 9324, 113, 333, 674, 1136, 6153, 17574, 23442, 25356, 17606, 6722, 1735, 721, 797, 1575, 1557, 276, 1822, 1267, 2086, 2004, 1659, 376, 384, 1867, 11561, 46364, 50433, 50210, 50416, 50411, 41925, 32298, 26388, 26863, 24300, 16544, 3411, 631, 1293, 665, 4391, 25393, 45741, 50019, 50100, 50043, 46635, 42681, 42975, 44217, 43435, 35369, 22117, 6400, 2016, 2092, 87, 11122, 24723, 33023, 42596, 50396, 49632, 49966, 50409, 50044, 50416, 50177, 44454, 31952, 27647, 33720, 40702, 43043, 38278, 29299, 20973, 20125, 25496, 34714, 43673, 44696, 40777, 29781, 18279, 8116, 2087, 233, 557, 1750, 211, 1911, 1393, 883, 668, 1765, 1622, 349, 2023, 7363, 31039, 50416, 49672, 49686, 49664, 49721, 49664, 50424, 50294, 49617, 50425, 47807, 36464, 24667, 17349, 19406, 31756, 49050, 50208, 50310, 49840, 50440, 49702, 49764, 49644, 49654, 49638, 49844, 50278, 38190, 29400, 27664, 33549, 44274, 49903, 49703, 50222, 50425, 50393, 49630, 50383, 50236, 49855, 50395, 50262, 50410, 49366, 50395, 50395, 49664, 50367, 49580, 47739, 43694, 48802, 50232, 50402, 50417, 49666, 50395, 39838, 34231, 29884, 28703, 26556, 21762, 18182, 16386, 15633, 15498, 17167, 12663, 10015, 1894, 223, 636, 4172, 25588, 49278, 50312, 49811, 50427, 50432, 49869, 49627, 50391, 49632, 50348, 50336, 40127, 26032, 18932, 18697, 29113, 42144, 49628, 50317, 50364, 49615, 50336, 49644, 50376, 50392, 49884, 50339, 44167, 30839, 23319, 20037, 23206, 27445, 31624, 33620, 35188, 45513, 49678, 49635, 49815, 49645, 49634, 50271, 49706, 40280, 39337, 44291, 50433, 50318, 45056, 38734, 34532, 35044, 40774, 44450, 46680, 43264, 36254, 32523, 29844, 28476, 24470, 16953, 7503, 621, 1856, 1537, 3111, 10205, 15764, 13765, 8274, 4003, 756, 1637, 2094, 1031, 1875, 1344, 2021, 23750, 45522, 50425, 50427, 50263, 50148, 50384, 49678, 50331, 47478, 38953, 27141, 14695, 5971, 6686, 14306, 25926, 36822, 43258, 44402, 43691, 44799, 48761, 50291, 49664, 50012, 40486, 28499, 17843, 12592, 12644, 14558, 17289, 20162, 26059, 39127, 49848, 50221, 49715, 49966, 50362, 49918, 49614, 47616, 46982, 48201, 44029, 36280, 29941, 26530, 26900, 31419, 35243, 36612, 35092, 32960, 33375, 34158, 33012, 28832, 20484, 10653, 1988, 1187, 1564, 1918, 1264, 1856, 1760, 1287, 1362, 1934, 1957, 1973, 1487, 1132, 807, 9413, 22832, 36631, 49599, 50204, 49779, 50416, 50180, 49645, 49891, 44862, 37133, 28404, 20405, 16574, 18035, 19813, 24146, 27615, 28282, 32031, 35329, 39981, 45944, 47280, 46897, 42900, 36986, 32180, 29170, 25767, 21919, 19219, 17050, 16614, 19696, 24392, 35840, 50123, 50433, 49666, 50146, 50408, 50425, 49690, 46334, 41553, 38517, 34232, 31744, 29433, 27366, 25340, 24864, 24189, 24919, 23421, 24703, 27086, 29349, 28544, 26864, 22299, 17367, 10611, 7494, 6616, 3136, 1957, 100, 1758, 1633, 1048, 285, 415, 2054, 376, 417, 1828, 524, 137, 6397, 17789, 29207, 40266, 46845, 48228, 48216, 48447, 48345, 45928, 44648, 38132, 30182, 24681, 22121, 20515, 20813, 20966, 21432, 23145, 26836, 31950, 36653, 41393, 42124, 42088, 39453, 39040, 37571, 35720, 33034, 28803, 25125, 21699, 19835, 19637, 21374, 22876, 31444, 41992, 50417, 50035, 50403, 49798, 50411, 49762, 47498, 45971, 43559, 41048, 38967, 35461, 35082, 33220, 31458, 30377, 28132, 29386, 29617, 31804, 32299, 32039, 29627, 26860, 23984, 24252, 23342, 20504, 19762, 19617, 19176, 18016, 15430, 15764, 14426, 10561, 8122, 5197, 6092, 6049, 6467, 6959, 6060, 6239, 10496, 18971, 30214, 37376, 40176, 43424, 48401, 50342, 49614, 50052, 50340, 50057, 50417, 49664, 49634, 49632, 44702, 37920, 30943, 27208, 25515, 24070, 24439, 24332, 22675, 22861, 25600, 30577, 34988, 37143, 37701, 38035, 40258, 43384, 43872, 43021, 41655, 40757, 44274, 50414, 50376, 49704, 46968, 45672, 48627, 50170, 48774, 48625, 45002, 42190, 40824, 40793, 40248, 36661, 30963, 27840, 28946, 30416, 29681, 26965, 24473, 22348, 20553, 19551, 20089, 18013, 15567, 13067, 13318, 13083, 13717, 12629, 10728, 10846, 9105, 8192, 6401, 5275, 5648, 4620, 2182, 2500, 5279, 9231, 13044, 19151, 24474, 30079, 36009, 40990, 46880, 50392, 50377, 50433, 50328, 49631, 46902, 42808, 38662, 34062, 28519, 24424, 20128, 17909, 15636, 14547, 14950, 16491, 17457, 19659, 22680, 24391, 27339, 28125, 29760, 31801, 32937, 34051, 35783, 35893, 35931, 36268, 36707, 42838, 49418, 47739, 43685, 40885, 42687, 43395, 42985, 39579, 40915, 38415, 38440, 40649, 40363, 36667, 31002, 29387, 28206, 28928, 27261, 26542, 24776, 23809, 23886, 23632, 24490, 21497, 18579, 16569, 18064, 17575, 16727, 15335, 14341, 11715, 8789, 8172, 7170, 5073, 3991, 2460, 2614, 3027, 6439, 11545, 18341, 23600, 29783, 34996, 41318, 47484, 50366, 49804, 49623, 50016, 49878, 50403, 50393, 45672, 40420, 34608, 30324, 25886, 22436, 18912, 15484, 13005, 12815, 13790, 16999, 18269, 20520, 23362, 25708, 29254, 31736, 34142, 36004, 36154, 37474, 38088, 37293, 36542, 35865, 34582, 32681, 31035, 35759, 41893, 40170, 37952, 33817, 36040, 39559, 40063, 37817, 36428, 35761, 35310, 38072, 36659, 31976, 26417, 24281, 23657, 24217, 23063, 20341, 18799, 18215, 19398, 20662, 18544, 15881, 14471, 13720, 13843, 14359, 13172, 10455, 6849, 7903, 6917, 4953, 2693, 333, 582, 1368, 117, 1810, 2323, 2903, 8208, 14610, 19245, 24092, 28568, 33364, 36937, 40806, 44560, 46502, 46867, 44956, 43420, 40788, 37328, 34564, 31205, 27398, 23596, 21582, 20345, 18572, 18351, 18147, 20811, 22120, 24927, 26369, 29360, 32032, 33548, 35328, 38275, 38732, 38131, 36799, 34618, 31967, 29889, 29441, 27792, 26564, 26427, 26970, 29187, 31124, 32209, 34025, 36299, 38312, 38258, 39674, 38870, 37806, 37043, 36009, 33933, 31520, 27137, 24911, 23405, 20844, 17657, 16287, 15092, 11945, 11130, 11026, 9645, 7584, 6355, 6734, 6417, 6988, 7428, 6316, 7092, 5828, 3089, 3524, 3120, 1715, 1989, 393, 105, 120, 575, 941, 348, 1621, 128, 4097, 9281, 12977, 17767, 22901, 27904, 30970, 34980, 36026, 36934, 35520, 34380, 32551, 28707, 24069, 19625, 16656, 13215, 11172, 8524, 6912, 6170, 5624, 7199, 8133, 10367, 13358, 15667, 17886, 20602, 21781, 24924, 26685, 28014, 28797, 29636, 30005, 28839, 28574, 27469, 25895, 23990, 23906, 26376, 30377, 32988, 34978, 35617, 35835, 38157, 39988, 40906, 41218, 39999, 38144, 38473, 37627, 34147, 30430, 27168, 25393, 24021, 23193, 21529, 20239, 18877, 19413, 20646, 21334, 20704, 20312, 19459, 19122, 20231, 18860, 17702, 15752, 14807, 13317, 12352, 10359, 8572, 7446, 5008, 5049, 4360, 4672, 5497, 8099, 12300, 16064, 21255, 25802, 30384, 34483, 39209, 42991, 46671, 47023, 47244, 47191, 44615, 42894, 39203, 35196, 31900, 27268, 23733, 21247, 19203, 17632, 16660, 15075, 16333, 18837, 20853, 22020, 24816, 26201, 28825, 31260, 32000, 33497, 33675, 34432, 34702, 33953, 33300, 32692, 31110, 28698, 28920, 29256, 29627, 29029, 28117, 30124, 33129, 34877, 37499, 37100, 38113, 38930, 40168, 39624, 38955, 35872, 34534, 32624, 32200, 30109, 28530, 25336, 23590, 21740, 21056, 19553, 18967, 18127, 17907, 17544, 17267, 18125, 17246, 16755, 16964, 17517, 17373, 17616, 16687, 14454, 11743, 9900, 7633, 7084, 4165, 2917, 1751, 1864, 3992, 6781, 11465, 17620, 21516, 25747, 30754, 35671, 39640, 42263, 43568, 44366, 43870, 41833, 39766, 36640, 33515, 28375, 25459, 22412, 19408, 16548, 15152, 14215, 14167, 14290, 16597, 17793, 19484, 21769, 24604, 26569, 29314, 30856, 31792, 33324, 33109, 33969, 32603, 31321, 30126, 29310, 27497, 25868, 25718, 24126, 23139, 23072, 24806, 27168, 30809, 32209, 34523, 38467, 40503, 40639, 41706, 43104, 42920, 42340, 41082, 38211, 35489, 33170, 29316, 26777, 25108, 23340, 19732, 19526, 19932, 20276, 19986, 20482, 20523, 20169, 20549, 20629, 21255, 21062, 19998, 19602, 19468, 18485, 18629, 16834, 14140, 11491, 9920, 8791, 7901, 8133, 9478, 11854, 14226, 18984, 23391, 27426, 31830, 35314, 39158, 41876, 43008, 44530, 43401, 42546, 40498, 37837, 35645, 33787, 31010, 27569, 24078, 22789, 21728, 20255, 21160, 21943, 21981, 22858, 26102, 28785, 29952, 31140, 33530, 34531, 34240, 34123, 33589, 33418, 31290, 32480, 35221, 32175, 25268, 23663, 26422, 21746, 18393, 20396, 21742, 21621, 27447, 34816, 38960, 42582, 48854, 50043, 50410, 49930, 47177, 41052, 36468, 34180, 29515, 24967, 23536, 22505, 20834, 21598, 22555, 22376, 23383, 24400, 25791, 25523, 26697, 24428, 22583, 19461, 17043, 13573, 9937, 8031, 8000, 6980, 5876, 5782, 4448, 5603, 4352, 3273, 3264, 3525, 7264, 11766, 16181, 21786, 26562, 31580, 36114, 38671, 39706, 39242, 37234, 34407, 30081, 26647, 23021, 19579, 17404, 17894, 18155, 19711, 21429, 24069, 26193, 29576, 32302, 33495, 33867, 34387, 32709, 29407, 26553, 24559, 20329, 18464, 16041, 16085, 15775, 17143, 20026, 22209, 25225, 28727, 31122, 33313, 32788, 33140, 32471, 29779, 28433, 26329, 23753, 23077, 22542, 22182, 22000, 31696, 44646, 49930, 50111, 50347, 43425, 38703, 38890, 35036, 32510, 29897, 23936, 23197, 25581, 27043, 25975, 24371, 21124, 19105, 20848, 21640, 23725, 24576, 22567, 19696, 17920, 14203, 14548, 12337, 8628, 6335, 5673, 3804, 6465, 10272, 9987, 8673, 9437, 11074, 15269, 21255, 26898, 31857, 35534, 36295, 39926, 41472, 41912, 40838, 37273, 32357, 27544, 23552, 22113, 20454, 19633, 19039, 20633, 23133, 26404, 29741, 33280, 34956, 35435, 34149, 33477, 31734, 30249, 27755, 24255, 21840, 19899, 20399, 20900, 22839, 24788, 26112, 27563, 29827, 32256, 34984, 36047, 35608, 33742, 32291, 30936, 29538, 27792, 26012, 25027, 24128, 24484, 25204, 27183, 29191, 30104, 30634, 36562, 46832, 50385, 50425, 50286, 42714, 35578, 30834, 29749, 33349, 34318, 31448, 30949, 28912, 29672, 33668, 32552, 31605, 26435, 22992, 20712, 20267, 20937, 21212, 19186, 16111, 12689, 11349, 10758, 11970, 12981, 11588, 11072, 10563, 11280, 13843, 15775, 16869, 18848, 21558, 25929, 30660, 35426, 39203, 40223, 38880, 37800, 36599, 36087, 33925, 31312, 25967, 22907, 20534, 19601, 21578, 22848, 25345, 27235, 27509, 29458, 30822, 31071, 32437, 32240, 30180, 28166, 25861, 24865, 24806, 24394, 24908, 25240, 25977, 27060, 28970, 29986, 32155, 31713, 32003, 31193, 29453, 28283, 27185, 26670, 24916, 24221, 24064, 22693, 23096, 22739, 24424, 25856, 26339, 27551, 28999, 29431, 29504, 30697, 36733, 42379, 44486, 47536, 42376, 36426, 32589, 28905, 28462, 28453, 28593, 28050, 26161, 24296, 24081, 24553, 24853, 25980, 24025, 21338, 19444, 18480, 18541, 20241, 20093, 18359, 16529, 16289, 15537, 16580, 17186, 18519, 18621, 17209, 16467, 15424, 15300, 17367, 19056, 21736, 23553, 23400, 24517, 25757, 29225, 33037, 36558, 36899, 36287, 32828, 29496, 27648, 27894, 28036, 27368, 25812, 23696, 22631, 21121, 22553, 24164, 25130, 26265, 26921, 28230, 27652, 27663, 28053, 27968, 27646, 25815, 24692, 23237, 22105, 22910, 23335, 25582, 26361, 27535, 29096, 29633, 29928, 31389, 31635, 30873, 30149, 28885, 27568, 25455, 24839, 24840, 25825, 26902, 27646, 27157, 28307, 28969, 30100, 31142, 32621, 33490, 32332, 30658, 29007, 28635, 26573, 26985, 27226, 26516, 26112, 25332, 23381, 22487, 21937, 23275, 24124, 25026, 26365, 26660, 27155, 26323, 26534, 25779, 24768, 23268, 22042, 19861, 18142, 16176, 15441, 16866, 16890, 19351, 20637, 22260, 24293, 24893, 26137, 28008, 28812, 30463, 31680, 32660, 31042, 30314, 29412, 26958, 27095, 26336, 26495, 27269, 27731, 27237, 27794, 27094, 27420, 28270, 29696, 28739, 28192, 27766, 25869, 24968, 23900, 23809, 23412, 23927, 23392, 24012, 24380, 24872, 26117, 28311, 28240, 29414, 29164, 30541, 29364, 30098, 30045, 29757, 29724, 30175, 29553, 29870, 28820, 28247, 28512, 29431, 28340, 27027, 26726, 26757, 25727, 26577, 25580, 26438, 26292, 24776, 23847, 23990, 24548, 24623, 24333, 25899, 25234, 25229, 24658, 23573, 23062, 21857, 22818, 23420, 24502, 23175, 22349, 21192, 19456, 17772, 15879, 15668, 14531, 15116, 14820, 15440, 16516, 18107, 20674, 21830, 24290, 25459, 27103, 28461, 28975, 28953, 29904, 31281, 31550, 30936, 29796, 28592, 26989, 26386, 25651, 26095, 26040, 25784, 25911, 25296, 25015, 23745, 23256, 23909, 23137, 23049, 23332, 22469, 21873, 21455, 21629, 23159, 22788, 24103, 25904, 25579, 26398, 25367, 25493, 26192, 26311, 27435, 27981, 28681, 28825, 28522, 28488, 28954, 28795, 28038, 26475, 25505, 25228, 23818, 24087, 23877, 24017, 24639, 24392, 25239, 26152, 25758, 26664, 26258, 26734, 27985, 27154, 27911, 27648, 28303, 26536, 26243, 25768, 25815, 26628, 25681, 24996, 24505, 25049, 25999, 25987, 25929, 26321, 25525, 24342, 22417, 21698, 21312, 20675, 19861, 19968, 19991, 19741, 18664, 19566, 18103, 19442, 18993, 20121, 22155, 23380, 25672, 27407, 27731, 27921, 28091, 26834, 27133, 26624, 25561, 27015, 27169, 26846, 26193, 26096, 26518, 26496, 26457, 28332, 27804, 27573, 26700, 27319, 26829, 28279, 27687, 28256, 28170, 27524, 26372, 25817, 25701, 24954, 25892, 26518, 26147, 25970, 27384, 27305, 26751, 27551, 27463, 26624, 27006, 27077, 26296, 24826, 24991, 24054, 23938, 23284, 22756, 24482, 24034, 24131, 25364, 25381, 24990, 25228, 25342, 24829, 24336, 23771, 23408, 23671, 23249, 24215, 24661, 25024, 24954, 24850, 24712, 25725, 25983, 26679, 28148, 28844, 29030, 28993, 29549, 28887, 28269, 28456, 28959, 29349, 29248, 29681, 29236, 28540, 28048, 29310, 29251, 30558, 30441, 31041, 31232, 30337, 29770, 28552, 28206, 27972, 28168, 27321, 26989, 25893, 25603, 25600, 26375, 26512, 27044, 26727, 27630, 27217, 26094, 25696, 25488, 24368, 24784, 25803, 25788, 26725, 26262, 26140, 26145, 25955, 26134, 26793, 27117, 27168, 26552, 25900, 25244, 24663, 23305, 23224, 23464, 23084, 24292, 24446, 24716, 23822, 23341, 23488, 22061, 22301, 23221, 23272, 23872, 24249, 24591, 24710, 24133, 23673, 23211, 22180, 22280, 22875, 22681, 23205, 24113, 23789, 23551, 23298, 22706, 23128, 21808, 22321, 21624, 20766, 21319, 21668, 20577, 20248, 20757, 20439, 20629, 19961, 20966, 21611, 22292, 22720, 22862, 22372, 22815, 23061, 23141, 23376, 23386, 23068, 23399, 23214, 22557, 22908, 22617, 22093, 22763, 23487, 23577, 23104, 23834, 23696, 23009, 24113, 24459, 24649, 24799, 24765, 25195, 25495, 25746, 27140, 27458, 28640, 29839, 30209, 31232, 32360, 32500, 33188, 33787, 33879, 34229, 34477, 34648, 35433, 34782, 34390, 34216, 34100, 33621, 33043, 31626, 31480, 31182, 30614, 29878, 29732, 29511, 29525, 28725, 29398, 29573, 29719, 29697, 28883, 29253, 28154, 28125, 28160, 28464, 28054, 27921, 26889, 26955, 26969, 26421, 25312, 25653, 25030, 23680, 23336, 23449, 23377, 23833, 24132, 24629, 25224, 26700, 28707, 31396, 34408, 36838, 40383, 43065, 47332, 49862, 49614, 50228, 49647, 50221, 49634, 49678, 49693, 49624, 49921, 50394, 50416, 50387, 49606, 49647, 50393, 50247, 50395, 49611, 49943, 50124, 50327, 49888, 49835, 50133, 50395, 49619, 49606, 50166, 50365, 50434, 50203, 49668, 50409, 49622, 49924, 49903, 50335, 50279, 50368, 50352, 49608, 49724, 49677, 49944, 50397, 50144, 50106, 50407, 49864, 50340, 49626, 49620, 49987, 50146, 50284, 49686, 49720, 49638, 50403, 50386, 47650, 42958, 40114, 36138, 31780, 28997, 26150, 23081, 20992, 20485, 19128, 18134, 16648, 16436, 16623, 17821, 19520, 20378, 21184, 21108, 22118, 22441, 23344, 23459, 22621, 21572, 21158, 19612, 17780, 16135, 14045, 12577, 10692, 8448, 6001, 5060, 3159, 607, 1702, 1727, 473, 1954, 525, 1277, 1526, 751, 1749, 1585, 1731, 461, 2063, 765, 377, 644, 2085, 1296, 1780, 719, 2064, 1559, 1478, 1152, 823, 1201, 1746, 185, 1719, 1360, 1879, 91, 1988, 1783, 328, 1026, 141, 1990, 149, 838, 81, 93, 2084, 818, 403, 1731, 1487, 368, 1728, 2084, 1647, 1683, 1996, 1990, 1763, 1909, 1024, 1911, 838, 1115, 93, 257, 249, 1989, 528, 1799, 648, 1068, 129, 132, 159, 1580, 2231, 2624, 3814, 4438, 4997, 6733, 7567, 8109, 7817, 8101, 8329, 8676, 8928, 9595, 10496, 11123, 11461, 12047, 11654, 12096, 12313, 12464, 11785, 12397, 12350, 12709, 11632, 12004, 11776, 11132, 11453, 11667, 12052, 12033, 12300, 12353, 12885, 13929, 14766, 15393, 14733, 14229, 14696, 15583, 15065, 15040, 15253, 16407, 17361, 18285, 18780, 18483, 18911, 18718, 18831, 19039, 19746, 20342, 20544, 19692, 19768, 20270, 19139, 18756, 18976, 17892, 16600, 17728, 17428, 16904, 17160, 17241, 17436, 18200, 18672, 17734, 17964, 18739, 17707, 17117, 17860, 18471, 17740, 17653, 17344, 16342, 16717, 17005, 15509, 15249, 15936, 15264, 13929, 13824, 13553, 14015, 14236, 12917, 13252, 13989, 13189, 13964, 14468, 14893, 15984, 17264, 17920, 18052, 19099, 18564, 18641, 19886, 19132, 18313, 19716, 20223, 19849, 21143, 21479, 21721, 23308, 23616, 23976, 23595, 24801, 24055, 24390, 24231, 24709, 24227, 24423, 24668, 23924, 23921, 25159, 25992, 27432, 27245, 27725, 28189, 29466, 29840, 30329, 30668, 30388, 31189, 30848, 30749, 30456, 31653, 32168, 31828, 32616, 32581, 33644, 33371, 33329, 33583, 33015, 32874, 33126, 33233, 32116, 32409, 31911, 32204, 32276, 32256, 32369, 31872, 31404, 30308, 31092, 30916, 30456, 30432, 31088, 31545, 31466, 30474, 30559, 32337, 31792, 32703, 32344, 33104, 33893, 33929, 33431, 34112, 35532, 35226, 36200, 35621, 36552, 35891, 35908, 35825, 34760, 36641, 37427, 36750, 37492, 36512, 37091, 36817, 37471, 36872, 36723, 36622, 37080, 36424, 36525, 37469, 36515, 36864, 36772, 36638, 37243, 36728, 36640, 36512, 35391, 35276, 34936, 35854, 34844, 36094, 35991, 36100, 37757, 37691, 36788, 37747, 38478, 37691, 38853, 38421, 38203, 38280, 38132, 38544, 37619, 37576, 37586, 36554, 37341, 36560, 36720, 37494, 37418, 37536, 36571, 36649, 36696, 36302, 36027, 36160, 36627, 36352, 35298, 34790, 35010, 35476, 34167, 35442, 35024, 35240, 35574, 36731, 35884, 36424, 35813, 36008, 35863, 36359, 36310, 36600, 37040, 36651, 36681, 37463, 37224, 36763, 37393, 37246, 38017, 38124, 38347, 38491, 38387, 37464, 36610, 36552, 35204, 35363, 34648, 34111, 33442, 34050, 34533, 34582, 34633, 34400, 34631, 34791, 34730, 34879, 34286, 33750, 32880, 33073, 32133, 32511, 33716, 33909, 34296, 33609, 33219, 33762, 33934, 33759, 33872, 34327, 34970, 34270, 33928, 34009, 33502, 33409, 33898, 33695, 33568, 32928, 33550, 33103, 33372, 32992, 33055, 33423, 33426, 33811, 33230, 33430, 33726, 32899, 32994, 31940, 30813, 31172, 30722, 30762, 30820, 30793, 32206, 30814, 30967, 31407, 30742, 31090, 29749, 28996, 29094, 28207, 28490, 28636, 27728, 28500, 28304, 29666, 30060, 30744, 31779, 31838, 30642, 29853, 30674, 30762, 31168, 30337, 29645, 30154, 30274, 29959, 30040, 28723, 28517, 28644, 29116, 28543, 28924, 28914, 29696, 27892, 27869, 27531, 28088, 28062, 27319, 26889, 26423, 26061, 26671, 25364, 26028, 25624, 25470, 26711, 27377, 26320, 28046, 29112, 28211, 29027, 28453, 28729, 29333, 29405, 28947, 29057, 29126, 29069, 28423, 27599, 27924, 26648, 26398, 26598, 25708, 26098, 25048, 25211, 25949, 25165, 25239, 24604, 24579, 24356, 23042, 22713, 22833, 22394, 22280, 22312, 23245, 24217, 24281, 25381, 25753, 26624, 26965, 26601, 27208, 26165, 26378, 26096, 26569, 26366, 25956, 26097, 26240, 25892, 26227, 27314, 27966, 28747, 28836, 28692, 27468, 27128, 26338, 26904, 27812, 26139, 26339, 26839, 26942, 26305, 26643, 27041, 27007, 27188, 27279, 26989, 26042, 26828, 27472, 27218, 26945, 27136, 27160, 25855, 25456, 25624, 26165, 24629, 25096, 24912, 24989, 24980, 25831, 26256, 26355, 26384, 26304, 26496, 26701, 27501, 27328, 26150, 26193, 26022, 27078, 27341, 26304, 26398, 26509, 25930, 25606, 24875, 24933, 25040, 24963, 25321, 25949, 26095, 26826, 27066, 26668, 27415, 27584, 27612, 26509, 27190, 26894, 26655, 26507, 26300, 26958, 27520, 27858, 28321, 29423, 28485, 28902, 27886, 28448, 27621, 27769, 28004, 27885, 26826, 27099, 27082, 27272, 27494, 26992, 26842, 26287, 26345, 26736, 27180, 28066, 26928, 28017, 28326, 27889, 28395, 28870, 27975, 27731, 27774, 27204, 26624, 27285, 25848, 25999, 26416, 26716, 26083, 25942, 25592, 25898, 25341, 25265, 26011, 25925, 26524, 26465, 27108, 26790, 27484, 26330, 26669, 26595, 26498, 27393, 27368, 28112, 27712, 28580, 28933, 29221, 29253, 30146, 29153, 29007, 29246, 27770, 26925, 26386, 26304, 26624, 26439, 26585, 26521, 27410, 28160, 28173, 27757, 27140, 27895, 27473, 25799, 25451, 25445, 25351, 24280, 24215, 24317, 25071, 25443, 25506, 25497, 26468, 26188, 26880, 26848, 27294, 27436, 27463, 27685, 26341, 26769, 26316, 26030, 26087, 24916, 25449, 25388, 25624, 26512, 26501, 25745, 27559, 26912, 26400, 25833, 25490, 26063, 26084, 24958, 24504, 25048, 23504, 24423, 24500, 24054, 23588, 25031, 24826, 24301, 24021, 24741, 24145, 24917, 25063, 25593, 25492, 26136, 25823, 26275, 26627, 26516, 27290, 27111, 26370, 26409, 26300, 26898, 26443, 26820, 26283, 26152, 25183, 25901, 24885, 23770, 22616, 22096, 22506, 23303, 22748, 22813, 23808, 23148, 23164, 24546, 24940, 24514, 24401, 24734, 23522, 24095, 24696, 23945, 24715, 25007, 25327, 25508, 25061, 24671, 25161, 24824, 25682, 25044, 25709, 25611, 26246, 25606, 25721, 25520, 24277, 23942, 23796, 24149, 23367, 22953, 23828, 23524, 23353, 23976, 24980, 24133, 24437, 24795, 24233, 24580, 25255, 25703, 23963, 23898, 24460, 24024, 24479, 25591, 24593, 25886, 26076, 26166, 25600, 24392, 24683, 24344, 24708, 24237, 23335, 24882, 23505, 23811, 23556, 23543, 22365, 23292, 22902, 23071, 24074, 23491, 24272, 25078, 24592, 24482, 24235, 24791, 25908, 25580, 24336, 25052, 23907, 23905, 23895, 23089, 23740, 23097, 23421, 23507, 23748, 24128, 24205, 23346, 23833, 24343, 24903, 25208, 25197, 26228, 25022, 26113, 25695, 24802, 25283, 25845, 25064, 24999, 25306, 24195, 24665, 24928, 25468, 26350, 26483, 27181, 26162, 26353, 25978, 25195, 24896, 24551, 25008, 24424, 23781, 24039, 24208, 23840, 23793, 24312, 23090, 23487, 23495, 23505, 23988, 24875, 24190, 24518, 23901, 25028, 25160, 24128, 25284, 25560, 24844, 25396, 24529, 25197, 24640, 25022, 25630, 24944, 26122, 26791, 26693, 26524, 26289, 25490, 25405, 26431, 25711, 24960, 25233, 24233, 24375, 24742, 24048, 25383, 24989, 25600, 25546, 25198, 25400, 25352, 25811, 25935, 25966, 26443, 24921, 24749, 26349, 25540, 25046, 25836, 26215, 26245, 26234, 26437, 25972, 25449, 26005, 25848, 24478, 24682, 24457, 22703, 23368, 23866, 23107, 23212, 24821, 23967, 25252, 24912, 26251, 25123, 25484, 26129, 25686, 26388, 25638, 24933, 24852, 24834, 23965, 24785, 23885, 24887, 24291, 24522, 24692, 25348, 24888, 26211, 25654, 25765, 25597, 25088, 25963, 25320, 25855, 25064, 24915, 25534, 24179, 24867, 25328, 25451, 25546, 25660, 25623, 26416, 26961, 26245, 26746, 27368, 26678, 25944, 27136, 26561, 25537, 25529, 25847, 25260, 25025, 24428, 24682, 25351, 25033, 24898, 25111, 24876, 25406, 25305, 24605, 25344, 24876, 24480, 23859, 24576, 23250, 22585, 22673, 23307, 23120, 23327, 23929, 23296, 23683, 24556, 25185, 25063, 25136, 26206, 26555, 27078, 26490, 26539, 26787, 26722, 25854, 25780, 25844, 25761, 25973, 25217, 26096, 26112, 25980, 26166, 25323, 26094, 25009, 25091, 25641, 24329, 24102, 23957, 24088, 23896, 24024, 23451, 24168, 25567, 25750, 25421, 27016, 26713, 27237, 27420, 27464, 27067, 26668, 26236, 25672, 24874, 24588, 24766, 24073, 24943, 24721, 25508, 25548, 24953, 25467, 25261, 25742, 25924, 25549, 25403, 25221, 24773, 24885, 23261, 22429, 23321, 22664, 23299, 23093, 23803, 23633, 24368, 24565, 25922, 26272, 25475, 25801, 26043, 25117, 25337, 25511, 24284, 23968, 24478, 25017, 23772, 24714, 25094, 25286, 25356, 25509, 24913, 24761, 25442, 25631, 25516, 25425, 26304, 25731, 25727, 24689, 25184, 24859, 24771, 25049, 24771, 25079, 25629, 25717, 24703, 24776, 25108, 23840, 24846, 24153, 24285, 24384, 24470, 24065, 23113, 22850, 22945, 23641, 24208, 23876, 23812, 24252, 24225, 24342, 25013, 25261, 24693, 24262, 24442, 24078, 23989, 24601, 24837, 23575, 24128, 24972, 24809, 24169, 24441, 25436, 25735, 25411, 25604, 25751, 25054, 25604, 25169, 25136, 25409, 25189, 25508, 24896, 25886, 26128, 25567, 25329, 25820, 25981, 26039, 25649, 25445, 26135, 25351, 25844, 25411, 25521, 25780, 26178, 25860, 25766, 25088, 23945, 24885, 24844, 24558, 23989, 24256, 24121, 25236, 24464, 24497, 24849, 25103, 24833, 25336, 26002, 25939, 26112, 26370, 25975, 25160, 26432, 26273, 26022, 26043, 26367, 25747, 26314, 26639, 26213, 25933, 26184, 26919, 27292, 27459, 25814, 24812, 24648, 24415, 23528, 24652, 24165, 24117, 24141, 24233, 24297, 23755, 24723, 24206, 24997, 25113, 25632, 26023, 26307, 26815, 26572, 26628, 26804, 28148, 27723, 27516, 26880, 27391, 26153, 25620, 26162, 26340, 26288, 25690, 25647, 25955, 25745, 26030, 26541, 25579, 24937, 25797, 25457, 24375, 25112, 25008, 24173, 24768, 23927, 24941, 24577, 24232, 24445, 24999, 24086, 24026, 24085, 24977, 24916, 25091, 25792, 25226, 25824, 25939, 26143, 26525, 27153, 26785, 26996, 26768, 26409, 26258, 26395, 27136, 26389, 26932, 26313, 26588, 27090, 26024, 26800, 26284, 25599, 26560, 27351, 26895, 26799, 26775, 26944, 26647, 27060, 26167, 26965, 25680, 26052, 26537, 25488, 25055, 24416, 24356, 24549, 24817, 25897, 25847, 25859, 25047, 24956, 25522, 25626, 25942, 26005, 25424, 25596, 26900, 26401, 26057, 26935, 26633, 26519, 26750, 26512, 26739, 26500, 26164, 26804, 27044, 25844, 26281, 26152, 25232, 25296, 23966, 24667, 24271, 23775, 23974, 23900, 24473, 24695, 24732, 25745, 25820, 26574, 26251, 26989, 26732, 25250, 25750, 26540, 26791, 26137, 26603, 26172, 25996, 26973, 27212, 26412, 26214, 27298, 26813, 27476, 26596, 26201, 25831, 26041, 25686, 25593, 26250, 25853, 26601, 26801, 25052, 25232, 25158, 24828, 25906, 26493, 26149, 27084, 27452, 26963, 27147, 27725, 27255, 25999, 26752, 25741, 25710, 26034, 24688, 25177, 25361, 24717, 24441, 23625, 24164, 23801, 25045, 24576, 24592, 24386, 25263, 24236, 24321, 24729, 25178, 25827, 26309, 26253, 26406, 25650, 26930, 26360, 26624, 27622, 27314, 26789, 26367, 27452, 26891, 26525, 27418, 27737, 27755, 26533, 26036, 25365, 25034, 24379, 25397, 24646, 24699, 25488, 26449, 26848, 26352, 26900, 25600, 24777, 24689, 24902, 24204, 23747, 24187, 24080, 24830, 23809, 23744, 24384, 24426, 23773, 24010, 24253, 24740, 25228, 24789, 24684, 24543, 24981, 25309, 25088, 25640, 25924, 25232, 24624, 25076, 25793, 25742, 25076, 26569, 27128, 27337, 27454, 25973, 25967, 25879, 26389, 25209, 25371, 25241, 23808, 24206, 24836, 25156, 23984, 24309, 25535, 24922, 25628, 25639, 25025, 25088, 25318, 24447, 24373, 24287, 24159, 24507, 25217, 24998, 25175, 25145, 26124, 26015, 25787, 26571, 26142, 25600, 24919, 25926, 25770, 25995, 26022, 25149, 24983, 24877, 25447, 25740, 25090, 25383, 25212, 25923, 25458, 25394, 25997, 25550, 25737, 24681, 24535, 25222, 25152, 24180, 23993, 25063, 25645, 25576, 26082, 25533, 24883, 25948, 25865, 26688, 25883, 26566, 26267, 26297, 26096, 27519, 27221, 26906, 26440, 26183, 26290, 25907, 25957, 24952, 25156, 24808, 25902, 24846, 24948, 24679, 24081, 23950, 24460, 24256, 23900, 24761, 24289, 23775, 23433, 24260, 23315, 24533, 24771, 25128, 25600, 24689, 25561, 25875, 25244, 26101, 25765, 24920, 26248, 26822, 26495, 26580, 26151, 25212, 25603, 24816, 24256, 23860, 22901, 23968, 23157, 24270, 24834, 24638, 23945, 24539, 25414, 24472, 24425, 24623, 24057, 23646, 24309, 25269, 24161, 24793, 24871, 25453, 26203, 26187, 26883, 25901, 25549, 26872, 27512, 27340, 27968, 28740, 27811, 27678, 26425, 25467, 25338, 24554, 24031, 24233, 23837, 23143, 23569, 23880, 23353, 23872, 23896, 23176, 23724, 24560, 24352, 23931, 23613, 23940, 24256, 24843, 25616, 25784, 25724, 25471, 25389, 25616, 25632, 26484, 27159, 26905, 27475, 27269, 26581, 26565, 26560, 26759, 26791, 26464, 25416, 25845, 24661, 24621, 24082, 23640, 23815, 23900, 24739, 25236, 25834, 25696, 25073, 25397, 24333, 24458, 24292, 24475, 23844, 24982, 24779, 25175, 27215, 27533, 27515, 27820, 27285, 26631, 25928, 26264, 26048, 25390, 26088, 25794, 24991, 25196, 25185, 25013, 24912, 25693, 25616, 25489, 25157, 24808, 25078, 24312, 25002, 25200, 23965, 24329, 24487, 25088, 25364, 24950, 24481, 24863, 24608, 25185, 26019, 25171, 25452, 24048, 23945, 24709, 23792, 24497, 23633, 23541, 23542, 23626, 24033, 23608, 24372, 23964, 23647, 25041, 24726, 23924, 24433, 24671, 24858, 25026, 24888, 25049, 24577, 26220, 26992, 26393, 27002, 27774, 26675, 26478, 25732, 25722, 23992, 24006, 26192, 26630, 25889, 26469, 26669, 24949, 24305, 26070, 24876, 23962, 24354, 24921, 24516, 24967, 25411, 24248, 24119, 25206, 24756, 24676, 25584, 25827, 25727, 25691, 26081, 25792, 26263, 26295, 26340, 26182, 26608, 27207, 26754, 25982, 25276, 25408, 25664, 24378, 24576, 24111, 23798, 24439, 25036, 25630, 25701, 26015, 27008, 25528, 25325, 25613, 25665, 24580, 23657, 24498, 25176, 25628, 25927, 24454, 25050, 26276, 26852, 26352, 26679, 27181, 27626, 26244, 25927, 24765, 24882, 24485, 25660, 26049, 25139, 24495, 25220, 25380, 25216, 25049, 26132, 25517, 24199, 24718, 23983, 22654, 22049, 23093, 22129, 22741, 23284, 24912, 25032, 26760, 26352, 25586, 25452, 26381, 26487, 25459, 25956, 26347, 26983, 26833, 28388, 27630, 28265, 29893, 29485, 27733, 26914, 26382, 26829, 27510, 25765, 26500, 28044, 28775, 27797, 25500, 27180, 26533, 24344, 24373, 25093, 24495, 24141, 24720, 23714, 24389, 24424, 24850, 23456, 23997, 25853, 23880, 22357, 23479, 25232, 24064, 24301, 23565, 24256, 24584, 25562, 26369, 25977, 24180, 24950, 25856, 24905, 26380, 28028, 28547, 28053, 28773, 30268, 29468, 28468, 27533, 26404, 24934, 23959, 24622, 24252, 24623, 25232, 25099, 24579, 26061, 26261, 24723, 24500, 23104, 23069, 24386, 24973, 24770, 25244, 26391, 25614, 24810, 26246, 25398, 24624, 24823, 24869, 24179, 24339, 27146, 27469, 27804, 27939, 27701, 28232, 28977, 29439, 29205, 28463, 28963, 28543, 28821, 28289, 26521, 25380, 26603, 27072, 25727, 25667, 26740, 26233, 25039, 26043, 25947, 26075, 25605, 26452, 24669, 23148, 23724, 25216, 23447, 24576, 27111, 24576, 24720, 26628, 27317, 27010, 26930, 27249, 27458, 26380, 24504, 25868, 24670, 23964, 23469, 25399, 25415, 26421, 29089, 28982, 27917, 27789, 27248, 27844, 27083, 25261, 23612, 24325, 24012, 23484, 23578, 26213, 25654, 26016, 27372, 28712, 28067, 27181, 27007, 25967, 25582, 26202, 25844, 26230, 27302, 27201, 27728, 29429, 29396, 26920, 26366, 28087, 26505, 26154, 26413, 25773, 25156, 25624, 24459, 25968, 25946, 26321, 26204, 25940, 26325, 25968, 25820, 25893, 26033, 23429, 22602, 22824, 23130, 23515, 24105, 23731, 23552, 23552, 25556, 26461, 26195, 26960, 25981, 25820, 26524, 25000, 25001, 26536, 25970, 24067, 24632, 27463, 27827, 27413, 27095, 27814, 26322, 26826, 27121, 26857, 26955, 28225, 28293, 27408, 25957, 27400, 28271, 27962, 28024, 27480, 27978, 28220, 26545, 25161, 25119, 25779, 25126, 24477, 24644, 23677, 23616, 23837, 23645, 24273, 24198, 23803, 23804, 24191, 23978, 22824, 21616, 22829, 23760, 24114, 24282, 25938, 27600, 26305, 26185, 25509, 27200, 27333, 26199, 25308, 25052, 25318, 28252, 28628, 28692, 28260, 27908, 27945, 27052, 27043, 27124, 27713, 26020, 23760, 25416, 25302, 24366, 24231, 24307, 23269, 25227, 26343, 26390, 26499, 26237, 25700, 25408, 24324, 24096, 25448, 25300, 25054, 23992, 24044, 24697, 25554, 25948, 25031, 25343, 25344, 24792, 26039, 26676, 27318, 27107, 25624, 25623, 25559, 25281, 24001, 23897, 25215, 25030, 23944, 24764, 24088, 23240, 23247, 22194, 23744, 24790, 26144, 26478, 27288, 27972, 26768, 27329, 29136, 28438, 27020, 28162, 26595, 26990, 27609, 26564, 25778, 27036, 28042, 25831, 25184, 24591, 25126, 24525, 23931, 24320, 24608, 25648, 26352, 25271, 25632, 27400, 25375, 23823, 24819, 24710, 23797, 24896, 27439, 26975, 26358, 27824, 28536, 25645, 25270, 26325, 26729, 27516, 27142, 27806, 28160, 28907, 26996, 26014, 23685, 22117, 23731, 23196, 22225, 22933, 25664, 26214, 26296, 24889, 25685, 25933, 26366, 25504, 26501, 25255, 25921, 28534, 26417, 24127, 23953, 25028, 24022, 24443, 24496, 24488, 24691, 24903, 24449, 23494, 22657, 24144, 23927, 22727, 21442, 24559, 25089, 25591, 26465, 24456, 25097, 25164, 25202, 26028, 25712, 25998, 26740, 26714, 27389, 27070, 27233, 28196, 28516, 28285, 27821, 29659, 28797, 27648, 27270, 27196, 26101, 25348, 24885, 25982, 25829, 26132, 26860, 26432, 26059, 26255, 26491, 25835, 25931, 26693, 27190, 27790, 27763, 26975, 26523, 24802, 25777, 26204, 26077, 27653, 27483, 26737, 26041, 25763, 24646, 25169, 23816, 24007, 24069, 23757, 22748, 22893, 22270, 23216, 24628, 25600, 25219, 25727, 27236, 26960, 26582, 26507, 26130, 25903, 26358, 26720, 26198, 25868, 27866, 27029, 27152, 26676, 27014, 27330, 27044, 27241, 28328, 29091, 27927, 27513, 28672, 28684, 26596, 25271, 24649, 24940, 24488, 25508, 24446, 23743, 25123, 23703, 23844, 24302, 25600, 24676, 24404, 24895, 25140, 24316, 23417, 25000, 25384, 23591, 24091, 24886, 24886, 24306, 24986, 25174, 25307, 25724, 24369, 25342, 25462, 26664, 27545, 27537, 27254, 27703, 26493, 25262, 25568, 24946, 24169, 24213, 24044, 23196, 24802, 25431, 26413, 26242, 25131, 25682, 24084, 23893, 24324, 25518, 26039, 26078, 25341, 26869, 26561, 25554, 24872, 24919, 25100, 25298, 26370, 27400, 28954, 29455, 28404, 27580, 27007, 25592, 25359, 24773, 25076, 24592, 24852, 23729, 24195, 22896, 24452, 23132, 23015, 24774, 25472, 26227, 26864, 26855, 26024, 26388, 24662, 23004, 22115, 22177, 24747, 25656, 25744, 26476, 27032, 26130, 24064, 24618, 24281, 25187, 25877, 27172, 26897, 27411, 27315, 25979, 25601, 24865, 24914, 25388, 24786, 23168, 24504, 26288, 25676, 25155, 25701, 25811, 25638, 26329, 26727, 25398, 24870, 24840, 24880, 23464, 23975, 24422, 24781, 24945, 24080, 22197, 23253, 25125, 25300, 26202, 26149, 26112, 27259, 26295, 25011, 26012, 25452, 23901, 23925, 23583, 25268, 25896, 25826, 24857, 23879, 24261, 24695, 24560, 24800, 25800, 26487, 26844, 26828, 26963, 27778, 25983, 25409, 25097, 26017, 26812, 27207, 26769, 26948, 27622, 28542, 29447, 29827, 27592, 25323, 24328, 24690, 24748, 23877, 25878, 25491, 25169, 25269, 25895, 25325, 24804, 23957, 24184, 24993, 26248, 25983, 26323, 26495, 26721, 26598, 24184, 24818, 25385, 24539, 24512, 25563, 26493, 26885, 26521, 24973, 24303, 23445, 23953, 25698, 26646, 25761, 26021, 25778, 24080, 24074, 24919, 24892, 22772, 23009, 23968, 23826, 24412, 24012, 23728, 24519, 24925, 25440, 25508, 26896, 26141, 24740, 24219, 23388, 23696, 22355, 23992, 25283, 24576, 25110, 24187, 24917, 23969, 24270, 24256, 24916, 25579, 25509, 25875, 26120, 26989, 26637, 27831, 27684, 26981, 27929, 28839, 29573, 28696, 28082, 26680, 25469, 25580, 26857, 27800, 27748, 27263, 26679, 25344, 24312, 23863, 24056, 24005, 21784, 22861, 23771, 25873, 25411, 26164, 26516, 25230, 23705, 24953, 25636, 26381, 25657, 25133, 24720, 24867, 24942, 25119, 25575, 26112, 26825, 27513, 28018, 29856, 30208, 28167, 26950, 26831, 25787, 25693, 24105, 23932, 24031, 24175, 22921, 23314, 24416, 23425, 25101, 26981, 26840, 25836, 26648, 26781, 24856, 24612, 25119, 25867, 27574, 27975, 27985, 26160, 25776, 26094, 24546, 23558, 24780, 25572, 25504, 24723, 24883, 24528, 25091, 23901, 23808, 24515, 25244, 26070, 26029, 25879, 25408, 25129, 23150, 23005, 23204, 24414, 25490, 26674, 26224, 26274, 26153, 26280, 24696, 24548, 25111, 25981, 26117, 25637, 25253, 24735, 24189, 23451, 23753, 23937, 25016, 26225, 27746, 27899, 27680, 26383, 24385, 24285, 24373, 24414, 23998, 24829, 24113, 25458, 25524, 24294, 24183, 25566, 25916, 26737, 27428, 27631, 27077, 26829, 26264, 25452, 25372, 24583, 23109, 23252, 23505, 23741, 25331, 24048, 24056, 24678, 24674, 24703, 24528, 25852, 23904, 23474, 23629, 24039, 23818, 24824, 25073, 25933, 26404, 25727, 25939, 25453, 24556, 25188, 24992, 26224, 26159, 26954, 26157, 25997, 25864, 26353, 26454, 25957, 26025, 25823, 25177, 25268, 25591, 25952, 24633, 24158, 24223, 25140, 27066, 27572, 27119, 27088, 27257, 26069, 25195, 24819, 24084, 24951, 25223, 25522, 25905, 25657, 26298, 24385, 25605, 25286, 23813, 24684, 25303, 26003, 26065, 25761, 26037, 24713, 24846, 24957, 24944, 24241, 23344, 23799, 24604, 24994, 24192, 23241, 22943, 22668, 24343, 24281, 25527, 27236, 27155, 25846, 26760, 27256, 26258, 25215, 24797, 23815, 23844, 23820, 23357, 23558, 24983, 26279, 26631, 26188, 25980, 25549, 25816, 25968, 25470, 24622, 24577, 25861, 27008, 27088, 26335, 27719, 27128, 27356, 27619, 26833, 26774, 26424, 27469, 27663, 27472, 25871, 26225, 26299, 26454, 26352, 27650, 28069, 27417, 27860, 27145, 26628, 27079, 26077, 25952, 25885, 26763, 25928, 26377, 25862, 24940, 24896, 24777, 25121, 24148, 25217, 26669, 26226, 24642, 24778, 25160, 25100, 24617, 25079, 25174, 25238, 25233, 24898, 23961, 24661, 23783, 23204, 23113, 22224, 23943, 24283, 23489, 23526, 25290, 25141, 25927, 25413, 26007, 25281, 25536, 25925, 24307, 24346, 25716, 25577, 26164, 26896, 26550, 26624, 26638, 25037, 24313, 23267, 23071, 23610, 26736, 28142, 28106, 28606, 28988, 26323, 24776, 24905, 25128, 24629, 25932, 26806, 28376, 28298, 27369, 26743, 26148, 24676, 25044, 23783, 23864, 24240, 25901, 26486, 25809, 26288, 26983, 26037, 24345, 25045, 24916, 24632, 24778, 23892, 23441, 24064, 24989, 24999, 24329, 24036, 23774, 23661, 24475, 25181, 25347, 26358, 27228, 26780, 26352, 27470, 26864, 25934, 25783, 26237, 26124, 25925, 25215, 26564, 26357, 26960, 26010, 25965, 26602, 25911, 26576, 27818, 29079, 28820, 28733, 28595, 26958, 25501, 26421, 26002, 24991, 25174, 24965, 24972, 26167, 24120, 23140, 22647, 22947, 24160, 23560, 23717, 23645, 24669, 24562, 23816, 24448, 24070, 23733, 23169, 24324, 25613, 26114, 25177, 25645, 26168, 26397, 26732, 25800, 26532, 26384, 27365, 27416, 27601, 28031, 27800, 27242, 25768, 26183, 25525, 25431, 26089, 25858, 24835, 24640, 25473, 26632, 25555, 23762, 23863, 23147, 24211, 24617, 24640, 24861, 25561, 26336, 25311, 25612, 25676, 24369, 24949, 24562, 25004, 26811, 26700, 27677, 28642, 26935, 26354, 25296, 25305, 24032, 24196, 26008, 26064, 26853, 27280, 26038, 25860, 25126, 24504, 24012, 23560, 24885, 26042, 24965, 25412, 26944, 25866, 23680, 23261, 24207, 23271, 22705, 24445, 24438, 25120, 24339, 24336, 25477, 25337, 24825, 25510, 25804, 26310, 27068, 27370, 28060, 26792, 26054, 27052, 27576, 27528, 27905, 29130, 28207, 27912, 26275, 27095, 27595, 26966, 26085, 25152, 23991, 22530, 23361, 23125, 22859, 24436, 25464, 26052, 25476, 24526, 23589, 23350, 22099, 21823, 23180, 24182, 25734, 28134, 28838, 27829, 28029, 26263, 24560, 25280, 25956, 26928, 27818, 26988, 25988, 26707, 26773, 25637, 24768, 26407, 26777, 26436, 26777, 27190, 27173, 27383, 26413, 25445, 24444, 24492, 24724, 24577, 24535, 24451, 24615, 24598, 25324, 23957, 23488, 22406, 22275, 23294, 22861, 23152, 23752, 24041, 25874, 26694, 26689, 26122, 24761, 25542, 26845, 26488, 26840, 26417, 26913, 27863, 27869, 28042, 28225, 28004, 29214, 28344, 28338, 28741, 30766, 30093, 28401, 27388, 26904, 24979, 24628, 24134, 22672, 22766, 22048, 21675, 23464, 23044, 22059, 22780, 23205, 23538, 23828, 23692, 22745, 22717, 23055, 23526, 23303, 23131, 24264, 24496, 23933, 24906, 26337, 26599, 26905, 26746, 26986, 27112, 27064, 26922, 27457, 26112, 26070, 26849, 27415, 27713, 28226, 27184, 24904, 24540, 24672, 25380, 26540, 26754, 26571, 26974, 26981, 25392, 24432, 24620, 25107, 24547, 24752, 26486, 27608, 28222, 26763, 25540, 23640, 23772, 24161, 24468, 25581, 26220, 27155, 27332, 26434, 27455, 26374, 25743, 25625, 26629, 27784, 29149, 28888, 29049, 28581, 27973, 27345, 27090, 26788, 26606, 26585, 27861, 28793, 30090, 30593, 28360, 27913, 26032, 25264, 25002, 25805, 24503, 23745, 24485, 26626, 26872, 26028, 24765, 24907, 24004, 23457, 23420, 23687, 24212, 25100, 26198, 26686, 26565, 26752, 25679, 26156, 25560, 25831, 26316, 28083, 28773, 29303, 28141, 26452, 25848, 25841, 24646, 25258, 26470, 27663, 28434, 28399, 27660, 26893, 26010, 24027, 23341, 24042, 24512, 24708, 24450, 23208, 24847, 23619, 22194, 22263, 22583, 23123, 24680, 25008, 24540, 24064, 23881, 23601, 22934, 22576, 22544, 24718, 24761, 24659, 25428, 26953, 26297, 27076, 25994, 26447, 24405, 24632, 23804, 24423, 23189, 24749, 26005, 25821, 26165, 25161, 25134, 25783, 25425, 26054, 25101, 25855, 25320, 27101, 25836, 25487, 25616, 25541, 23747, 23825, 26584, 27520, 28720, 28503, 28114, 27798, 26624, 25345, 25269, 24089, 25185, 26460, 27527, 27704, 28346, 28476, 27143, 26368, 24868, 24092, 24811, 25593, 25431, 25697, 26476, 25948, 24646, 23442, 22828, 23508, 24041, 25221, 24780, 26016, 26567, 26171, 25489, 24688, 25074, 25109, 24919, 24557, 25413, 26872, 28096, 27230, 26361, 26826, 25601, 26757, 27072, 27366, 27698, 27995, 30131, 29749, 29209, 29082, 28807, 28478, 27685, 27447, 27853, 27997, 28890, 28656, 28093, 27090, 25601, 25132, 24278, 23335, 23726, 24213, 24853, 24388, 23541, 23360, 22773, 22422, 21037, 19491, 19417, 21055, 22038, 22976, 23280, 21555, 22199, 23609, 23593, 23329, 23325, 23352, 25393, 26625, 27743, 27830, 28458, 28789, 28045, 26604, 26012, 23816, 24620, 26296, 27079, 28290, 27917, 28196, 27683, 26492, 25492, 23634, 23296, 23138, 24393, 26324, 27565, 27104, 26372, 25676, 23574, 21400, 22782, 22168, 22372, 25470, 26767, 25489, 26577, 27494, 26864, 26767, 24264, 23277, 24719, 25044, 25852, 25852, 25979, 26240, 26920, 26953, 26243, 26854, 26500, 25656, 25764, 25585, 25227, 25350, 25272, 24231, 22948, 22449, 22018, 21926, 22002, 21690, 22076, 23714, 24373, 24685, 24996, 23493, 22040, 22669, 21080, 20881, 22347, 24004, 25319, 25851, 25041, 25716, 25424, 26537, 25088, 25718, 26113, 27085, 27475, 28036, 28853, 29212, 27447, 26400, 27076, 26912, 28150, 28033, 27636, 26785, 27446, 26344, 25991, 26404, 25171, 26014, 25984, 26510, 27268, 27927, 26901, 26219, 25689, 25975, 25872, 24599, 25377, 25317, 24933, 24236, 24156, 24375, 24644, 24033, 26195, 26385, 27480, 28672, 29293, 29388, 29251, 27264, 26373, 26752, 27852, 28462, 28280, 29097, 28968, 28548, 29064, 28573, 27773, 27122, 26208, 26345, 25320, 24793, 25189, 24783, 26168, 27433, 27126, 26009, 25308, 24219, 25160, 24832, 24548, 24411, 24661, 25336, 25745, 26487, 26503, 26781, 25844, 25645, 26578, 27442, 26757, 27653, 27850, 28289, 27315, 27541, 26712, 26774, 27420, 26668, 28203, 27075, 27498, 26457, 26722, 25898, 25095, 24652, 26172, 25959, 25705, 25504, 25554, 24992, 23661, 22395, 22662, 21749, 22946, 21481, 21552, 22544, 23269, 22349, 20719, 20842, 22625, 22629, 22366, 23175, 24405, 23832, 23157, 23917, 24064, 24531, 26231, 25744, 26342, 26684, 25816, 26218, 24532, 23901, 24768, 25279, 24832, 25159, 26453, 26935, 26269, 26637, 26975, 27266, 28086, 28533, 28109, 27245, 27518, 27093, 26703, 26482, 26217, 25518, 25675, 25917, 24795, 25981, 26756, 25468, 25367, 26276, 26221, 25269, 25590, 24502, 25493, 24838, 25468, 25878, 25597, 24692, 25191, 26578, 26881, 26944, 25982, 25552, 26450, 25558, 25244, 25716, 26911, 25867, 26724, 27303, 27260, 26462, 25992, 26672, 26243, 25863, 25088, 25009, 25193, 26341, 27490, 26241, 26456, 26563, 26457, 25016, 25191, 25210, 26396, 26337, 27097, 28160, 28437, 28772, 29255, 28212, 27130, 26804, 27480, 27761, 29105, 29401, 28520, 28676, 29172, 27928, 26239, 26560, 24687, 23094, 22962, 22801, 24653, 24633, 24228, 24679, 23568, 23041, 22854, 21827, 23287, 24256, 24256, 25556, 25229, 24641, 25510, 23837, 24069, 23908, 25533, 24776, 26177, 26054, 26967, 27299, 27419, 26896, 27552, 26912, 26172, 25304, 25727, 25589, 24147, 24695, 24390, 24200, 24720, 23856, 24300, 23660, 23782, 23702, 24728, 25113, 26217, 26363, 25605, 25152, 26766, 26151, 26418, 25973, 25447, 26166, 27734, 27901, 27852, 27565, 27325, 27988, 26465, 25501, 26145, 25672, 24652, 24413, 23890, 24081, 24840, 25040, 25568, 24861, 25477, 24941, 24743, 24513, 25731, 26112, 24791, 24840, 25361, 25789, 26186, 26180, 27136, 27054, 25273, 24045, 22973, 22868, 23928, 24307, 23975, 24806, 25135, 25600, 26274, 25745, 25011, 23826, 23934, 23913, 23980, 24261, 25575, 27655, 27577, 28042, 27515, 27408, 25667, 25748, 25246, 25005, 25880, 25603, 27482, 27496, 27446, 27790, 27443, 27136, 26371, 26261, 24868, 23815, 24092, 24064, 24085, 23863, 24216, 24151, 24516, 24608, 24412, 23184, 23198, 23236, 24110, 24608, 23692, 23350, 23806, 25056, 24887, 25991, 25749, 26493, 25665, 27792, 28517, 27588, 27228, 27648, 27660, 27003, 27903, 27087, 26944, 26872, 26900, 26907, 26288, 26493, 26756, 26128, 26750, 25818, 26112, 25625, 24556, 24451, 24661, 24877, 25632, 25744, 26599, 25993, 27314, 25747, 26237, 26086, 26541, 27805, 28228, 28425, 30012, 29362, 29720, 27734, 27621, 26391, 25000, 25476, 25400, 26420, 28020, 28701, 27705, 27412, 25273, 24064, 23143, 21928, 21121, 22149, 23025, 23225, 23338, 24101, 24471, 25043, 24796, 24517, 23399, 24108, 24260, 23831, 23924, 24230, 24486, 24150, 23587, 23791, 23790, 23905, 23593, 23691, 24906, 25716, 25815, 26128, 24481, 23552, 22267, 21354, 22831, 21951, 22122, 23910, 24930, 25088, 25313, 24401, 24813, 23801, 23247, 23425, 23530, 25025, 25286, 25088, 24747, 26067, 26634, 25187, 24536, 24836, 26384, 27057, 27474, 27790, 27184, 25617, 25321, 25104, 23261, 23077, 24546, 24934, 25235, 26399, 27216, 25217, 24587, 23441, 23588, 24539, 25024, 25190, 25647, 26397, 26348, 25553, 25340, 25538, 25681, 24812, 24537, 24499, 24990, 26240, 26688, 26771, 26950, 26701, 25688, 24532, 24713, 25622, 26133, 26747, 25665, 25766, 26212, 25952, 26647, 26306, 27077, 26068, 26409, 26077, 27612, 27544, 26958, 27252, 26295, 26710, 24820, 24064, 25028, 25550, 25389, 25748, 24605, 25308, 25876, 25252, 25020, 24133, 23885, 21940, 22743, 23274, 23207, 24181, 24381, 22929, 22600, 22737, 22766, 23975, 24195, 24005, 25064, 25102, 24285, 24644, 25822, 25351, 25616, 24095, 23484, 24412, 24947, 26017, 25420, 26521, 25494, 25624, 27147, 27605, 26761, 27813, 27821, 27228, 26332, 25921, 25773, 26089, 26079, 26500, 27588, 26859, 27078, 24865, 24876, 24418, 23802, 23216, 24117, 24576, 24847, 26067, 26340, 26631, 27136, 26472, 25021, 25361, 25930, 24731, 25776, 27006, 25329, 26276, 26650, 26732, 26637, 25619, 25917, 25744, 26448, 25808, 26836, 26152, 26005, 27706, 26675, 26032, 26276, 25771, 26228, 26632, 27119, 26304, 26494, 26424, 25757, 26205, 26750, 26407, 25748, 24097, 23827, 24996, 26576, 26439, 26417, 25802, 26607, 26881, 25973, 25559, 24601, 23762, 24599, 24441, 24778, 25940, 26393, 26199, 27569, 28608, 28285, 27458, 26936, 27156, 27639, 27824, 27769, 26876, 26636, 27257, 29211, 29451, 29839, 30804, 30065, 28209, 28693, 29184, 27689, 26587, 26492, 26449, 27273, 26120, 27114, 26112, 26146, 26424, 25601, 25043, 25649, 24745, 24521, 24640, 23920, 24144, 25441, 26189, 25397, 26520, 26828, 26132, 25935, 26585, 26539, 27220, 27760, 27771, 27007, 26688, 26203, 25535, 26877, 27038, 26525, 25980, 26655, 26195, 26027, 25059, 24809, 23648, 23854, 24728, 24292, 25354, 25215, 25432, 26155, 25844, 24990, 25588, 24221, 24932, 25703, 24947, 25701, 25877, 27192, 27390, 26976, 28451, 28068, 26504, 26804, 26156, 26168, 26420, 26266, 25470, 27246, 26788, 25679, 25792, 25850, 25154, 25773, 25436, 24681, 24094, 24603, 23593, 23553, 23722, 24013, 22669, 23102, 24162, 25806, 26142, 26670, 25743, 25148, 25233, 24528, 24673, 24843, 24406, 23698, 23671, 24116, 25577, 24735, 25933, 25245, 25576, 24921, 24560, 25545, 27269, 26077, 26479, 27466, 26296, 26823, 27023, 27219, 27802, 27464, 27381, 27902, 27502, 28236, 28709, 29333, 29506, 29680, 28253, 29036, 27348, 28676, 27178, 25821, 25888, 26700, 26379, 25895, 25280, 23872, 23015, 22609, 22349, 23351, 23268, 22220, 23340, 22720, 22471, 22679, 22534, 22789, 23208, 23573, 23968, 24373, 25079, 26343, 26353, 26754, 26676, 26916, 25784, 25377, 25723, 26102, 26327, 27235, 26377, 26495, 26344, 25737, 25664, 27110, 27107, 25770, 24673, 22361, 23872, 24804, 25343, 25021, 25458, 25994, 24848, 25699, 26295, 26391, 26013, 24990, 25312, 23895, 24793, 24576, 24547, 24163, 26017, 25840, 25393, 26262, 26014, 27241, 25632, 25528, 24103, 23177, 22716, 21841, 22257, 21624, 24133, 24180, 23492, 24847, 23154, 22068, 22977, 24083, 23445, 24848, 25682, 25684, 25238, 24687, 27428, 26649, 26024, 26215, 26227, 26469, 26730, 26163, 25209, 26179, 25567, 24787, 25209, 26380, 26976, 26229, 25686, 26453, 27506, 27656, 28101, 26684, 25117, 30248, 27081, 27736, 27053, 25309, 23567, 23293, 26500, 28366, 25736, 24787, 25031, 25888, 25776, 27027, 27156, 26112, 25201, 24551, 24175, 27653, 29141, 28470, 29760, 28264, 27607, 25189, 25056, 23800, 25349, 26495, 25817, 25780, 27155, 26221, 25635, 26953, 27648, 27442, 25756, 25284, 25891, 28120, 27630, 27037, 26145, 28607, 28929, 27785, 26528, 27648, 28114, 26160, 24672, 25224, 25036, 25180, 24656, 25677, 25719, 25287, 25316, 23831, 26369, 29351, 27717, 23363, 21433, 23859, 24756, 25725, 27896, 28371, 28036, 25987, 24935, 25283, 24757, 25460, 25236, 26036, 25432, 26598, 25862, 24305, 24489, 27015, 26700, 23176, 20919, 21480, 23913, 26547, 26847, 25508, 21713, 18723, 18301, 20059, 24834, 25813, 25777, 25197, 24377, 24623, 25553, 25708, 27642, 27143, 26295, 25600, 26645, 26991, 28108, 29354, 30846, 27127, 24656, 22305, 22178, 23823, 25464, 25011, 25044, 26560, 25529, 26787, 25549, 26524, 27291, 25964, 27363, 29533, 27921, 28638, 27997, 26670, 24994, 23956, 24424, 26673, 25436, 28519, 29922, 29156, 28248, 26681, 27317, 26400, 26887, 28992, 29602, 29744, 28172, 26934, 25979, 25714, 23473, 23309, 23139, 21407, 22998, 22277, 20809, 20560, 19991, 19805, 21354, 21271, 21809, 24086, 24933, 24671, 24869, 24236, 24064, 24950, 25103, 25325, 25931, 26226, 26213, 24951, 26414, 26818, 25591, 26304, 26201, 26465, 26364, 27389, 26945, 26796, 26341, 27370, 27100, 25706, 25043, 24744, 24327, 24485, 26085, 26168, 24438, 25157, 23792, 23236, 23320, 23600, 26031, 24104, 23783, 25424, 26289, 25747, 26851, 27239, 27561, 27214, 27381, 26396, 25015, 25261, 25415, 27500, 29415, 29124, 27844, 28330, 27563, 28298, 26767, 24605, 26080, 26728, 25802, 26292, 27388, 26275, 23558, 23077, 22494, 23048, 23633, 23696, 24089, 25590, 23476, 23861, 24067, 24912, 25836, 26197, 26661, 27503, 28526, 26550, 25152, 25308, 26435, 25337, 24512, 23895, 24806, 24727, 26424, 27545, 28829, 28560, 26450, 25441, 26363, 26304, 28076, 26929, 27751, 29540, 27495, 25347, 23233, 23970, 26194, 27007, 25841, 25710, 25107, 25193, 25580, 25009, 23127, 23877, 20968, 19788, 21693, 23459, 22798, 21986, 23026, 23751, 21880, 22645, 23028, 22597, 23918, 23129, 22143, 22629, 25171, 23960, 24129, 25552, 24978, 24712, 24008, 24679, 23907, 25236, 26029, 25421, 23516, 21661, 22764, 24548, 23536, 23591, 23548, 23084, 24391, 24686, 24923, 25732, 25071, 23835, 22504, 23540, 24691, 23312, 24046, 23673, 25584, 28295, 28139, 29060, 28297, 26960, 29158, 29145, 29116, 28073, 27546, 27239, 26999, 25804, 25965, 25580, 27465, 27770, 26247, 25088, 24905, 25397, 26084, 25832, 25088, 25726, 24316, 23892, 21845, 20252, 21004, 21844, 21073, 22255, 21960, 21900, 22300, 22380, 21640, 22261, 22877, 22238, 24272, 24981, 27748, 27402, 27493, 28295, 28992, 30313, 29899, 29421, 29226, 28876, 29419, 29707, 29392, 28803, 27767, 27626, 27443, 28226, 27073, 26890, 27888, 27009, 26339, 25564, 25446, 26688, 26065, 27006, 26945, 27959, 28970, 27573, 27203, 27372, 26727, 25789, 23805, 24095, 24597, 24695, 24428, 24005, 22933, 23543, 23024, 23960, 24827, 25600, 26201, 25024, 24472, 25663, 26532, 25443, 26117, 25749, 25570, 26162, 25291, 24868, 24789, 25210, 23679, 22261, 22176, 21729, 22376, 23666, 25979, 27302, 27054, 25896, 25053, 23537, 23000, 23265, 25200, 25001, 25720, 25501, 24694, 25604, 27144, 28378, 28681, 27040, 27015, 27175, 27353, 28517, 27079, 24642, 25306, 27802, 27241, 27686, 27298, 26320, 27925, 26836, 26233, 25689, 25714, 25860, 25817, 25869, 25749, 25113, 27364, 26747, 25328, 24885, 24041, 23207, 21896, 22817, 22870, 22778, 22424, 22066, 21181, 21813, 22807, 25248, 24135, 24555, 24774, 24918, 24372, 24231, 26065, 27327, 27237, 27031, 26196, 25765, 26259, 25346, 25328, 25430, 25968, 23993, 24138, 24150, 24161, 22905, 24084, 24447, 22457, 22629, 22608, 23628, 23152, 23638, 24887, 25444, 25441, 25280, 24680, 26028, 25678, 26327, 27545, 28014, 27917, 28160, 29626, 29557, 28873, 26916, 27733, 28116, 26016, 25756, 25708, 25257, 24217, 23994, 21523, 22829, 21613, 22596, 23409, 24644, 24439, 24351, 23817, 22695, 24070, 23211, 23344, 24104, 23492, 25346, 23475, 24631, 25594, 24084, 23013, 22642, 22931, 23932, 23587, 24162, 24305, 25200, 26896, 27407, 26444, 26198, 28073, 27775, 27905, 27830, 27194, 27687, 27506, 27631, 27003, 28561, 29289, 28334, 28166, 28173, 26455, 26781, 27419, 26809, 26784, 27232, 26481, 25915, 25983, 27590, 29760, 30636, 29600, 27904, 26885, 26685, 26550, 26449, 26943, 26656, 26813, 26833, 25472, 24297, 23660, 23430, 24881, 25088, 24760, 24080, 23334, 24301, 25876, 26140, 27506, 28164, 25574, 26460, 26473, 27076, 26091, 25095, 23953, 24232, 24821, 26957, 26571, 26873, 26497, 25397, 23777, 24256, 24390, 23827, 23937, 24534, 23976, 24552, 26485, 26193, 26237, 26341, 25958, 25823, 23856, 24028, 24561, 25977, 25673, 25242, 26440, 27567, 29732, 29570, 30028, 27817, 27106, 27623, 27405, 28381, 28759, 29266, 27672, 27266, 26429, 25118, 25056, 22913, 23278, 24167, 23877, 25702, 24445, 24167, 23889, 24727, 24494, 24439, 24622, 24568, 24802, 25481, 27252, 27505, 25183, 24840, 24631, 25424, 25540, 24035, 24144, 25138, 26176, 26599, 26836, 26751, 25908, 28616, 27902, 27470, 28594, 28214, 30311, 29655, 29102, 29922, 28987, 27722, 27648, 27071, 26092, 25366, 24670, 23935, 24726, 25173, 24185, 24064, 24548, 26105, 24881, 25721, 26555, 24824, 26217, 27099, 27801, 28646, 28560, 27390, 26644, 25933, 26279, 24200, 23105, 23831, 24793, 25631, 25485, 25589, 25456, 24321, 24065, 24252, 24244, 23880, 25551, 25319, 23152, 24577, 26835, 25337, 23193, 22093, 21947, 23005, 24258, 23953, 24205, 24994, 26262, 25969, 25531, 26361, 25270, 24415, 24653, 25724, 26597, 26474, 26980, 26644, 26494, 25764, 26064, 28162, 28067, 28909, 28404, 27828, 27376, 28029, 28344, 27444, 28795, 30397, 30762, 30264, 28166, 27537, 27028, 26422, 26152, 26829, 25280, 25268, 26185, 25285, 24327, 23617, 24076, 23163, 21793, 22397, 23088, 22429, 22241, 22206, 22767, 23029, 22317, 23081, 24298, 25681, 25126, 24034, 24708, 23868, 22959, 23628, 23705, 24304, 24789, 26407, 26100, 24832, 24804, 25016, 24720, 25546, 24558, 23679, 22741, 22285, 24694, 24527, 23877, 22894, 22388, 22654, 22228, 20915, 20560, 20892, 22171, 24996, 25734, 25356, 24629, 25236, 25946, 26100, 26412, 25700, 27413, 26624, 26527, 26711, 28208, 29197, 29582, 28069, 28771, 28555, 28141, 26970, 27321, 28490, 27361, 28234, 26556, 24113, 24566, 23832, 23451, 23185, 24492, 25558, 24390, 23489, 23744, 22563, 22197, 22553, 23678, 24645, 24596, 23934, 26057, 26945, 27317, 26728, 26281, 27607, 27536, 26800, 26020, 25998, 27571, 27260, 27044, 25536, 26721, 26441, 27311, 26877, 26394, 26917, 26141, 26664, 27214, 27772, 28654, 28049, 27856, 28884, 28346, 28536, 28390, 27722, 29092, 26753, 25794, 23956, 22931, 22357, 23704, 23665, 24229, 23249, 23192, 24980, 25510, 25375, 25709, 25749, 24640, 25041, 23976, 25166, 25571, 26044, 25426, 25508, 23807, 25567, 26041, 25199, 23747, 23704, 24177, 24116, 23597, 24127, 24730, 24755, 25411, 26006, 27107, 25137, 24545, 26366, 25422, 25516, 25595, 25277, 24628, 22931, 22535, 23526, 23872, 24293, 24502, 25111, 25006, 25559, 25191, 24448, 26417, 27256, 27980, 27527, 27207, 26900, 26576, 28364, 28098, 26887, 27186, 26952, 27327, 27894, 28597, 28636, 29384, 27212, 27581, 27862, 27056, 27260, 26544, 27270, 26186, 27588, 26085, 23555, 22872, 23637, 23845, 23113, 22631, 21964, 22108, 22054, 20808, 21496, 22255, 22408, 21892, 23580, 23335, 23595, 23977, 23526, 22953, 23361, 23063, 21961, 19839, 20763, 22710, 23026, 24053, 24917, 24282, 25096, 24360, 26357, 23934, 24826, 25558, 25555, 25475, 26228, 25863, 25778, 26092, 26516, 26669, 25672, 26399, 29202, 27785, 28368, 27331, 26624, 25930, 27284, 27048, 27201, 25771, 27178, 25942, 25851, 25964, 25961, 25356, 26048, 25880, 24602, 25284, 26188, 25264, 23938, 24529, 24332, 24681, 26186, 26392, 25060, 23065, 26516, 26112, 26501, 24543, 25452, 26029, 25124, 24633, 24660, 24386, 24261, 25309, 24267, 24047, 23281, 24582, 25061, 24101, 24914, 26247, 27056, 27473, 26838, 26117, 27792, 27777, 29354, 29451, 30208, 30358, 28596, 27447, 26911, 26457, 26624, 24895, 25704, 25280, 26120, 27300, 27605, 27940, 29293, 27809, 27551, 27359, 26850, 27337, 27968, 28400, 27605, 26941, 26262, 24352, 22699, 22192, 21956, 22297, 23409, 24475, 24129, 23144, 22509, 22457, 23808, 25255, 25373, 26060, 24717, 25945, 26670, 27332, 27988, 26030, 25929, 27425, 27068, 26809, 27746, 28115, 28634, 26880, 27116, 26789, 27613, 27197, 27893, 27742, 25641, 26277, 26796, 25589, 25455, 25275, 24652, 24340, 24481, 26249, 26743, 25633, 25671, 24923, 26286, 26229, 26176, 25445, 26832, 28540, 26185, 27275, 27798, 28298, 28841, 28764, 28031, 26167, 24936, 25504, 23733, 23315, 23790, 23851, 23843, 23511, 24330, 23673, 24006, 24170, 24924, 23847, 23616, 23964, 25182, 24740, 25010, 25404, 24371, 25067, 25388, 25659, 26296, 26753, 25827, 25397, 25163, 24329, 24044, 26288, 26926, 27668, 28518, 27837, 27886, 28240, 29053, 28674, 29612, 28139, 27719, 26928, 26814, 25353, 27797, 30693, 30079, 28135, 27067, 26749, 27315, 27950, 27436, 28959, 28941, 28926, 28550, 29937, 30960, 28595, 28088, 28021, 26021, 26277, 25677, 25374, 24866, 24983, 24899, 24902, 24624, 24720, 24024, 23744, 23314, 23321, 23791, 23508, 23993, 24228, 25207, 24589, 24619, 25668, 25936, 27158, 26982, 26021, 23897, 25337, 28359, 26709, 27497, 28039, 27924, 27516, 27868, 28799, 28115, 27044, 25464, 26735, 26947, 27246, 27103, 25342, 25574, 24884, 23063, 21639, 21209, 21336, 23320, 24145, 23791, 22487, 22644, 22566, 22834, 23484, 24235, 23879, 23587, 24707, 26005, 26855, 27428, 27109, 27025, 27216, 28414, 26567, 26097, 25699, 25363, 25972, 26417, 26176, 24772, 24079, 23252, 22908, 23245, 23688, 23881, 24353, 24845, 23561, 22868, 24719, 24232, 23541, 23160, 23397, 22916, 23223, 22633, 22311, 21557, 21735, 21664, 22242, 22385, 23242, 22772, 23255, 22903, 22952, 23153, 23683, 23990, 24301, 24172, 24357, 24806, 25350, 25696, 25208, 25606, 24536, 25136, 26770, 25446, 27348, 29020, 28875, 28455, 28672, 28460, 29725, 29165, 28618, 28494, 28325, 27012, 26936, 25815, 24681, 24030, 23284, 22384, 22423, 22423, 23744, 22576, 23059, 22408, 21312, 20941, 23827, 24793, 24863, 24592, 25118, 25093, 25744, 23974, 23412, 22738, 22649, 23001, 23653, 24452, 24473, 24972, 25123, 26230, 25937, 23375, 25367, 25237, 24577, 26369, 27138, 27446, 27612, 27119, 27152, 27277, 29072, 29004, 27672, 29346, 28981, 28583, 27683, 28599, 27632, 28080, 27984, 27695, 27261, 27820, 26658, 26185, 27636, 27147, 27532, 28826, 30428, 29857, 28065, 27726, 27098, 27770, 27644, 27768, 27970, 26932, 27877, 28975, 27209, 26469, 27538, 26912, 25834, 25101, 25516, 26315, 26829, 26824, 26742, 26562, 24922, 26113, 26761, 25251, 24309, 23926, 23456, 23243, 22563, 22589, 23190, 22490, 23198, 23398, 22807, 25286, 26000, 26540, 27492, 27507, 27657, 27246, 26463, 25517, 27136, 27056, 25827, 26247, 25188, 23228, 24064, 25221, 27106, 26863, 26380, 25536, 25953, 26508, 27115, 28546, 28167, 28588, 29130, 29236, 29010, 29527, 27369, 26993, 25956, 25836, 24556, 22886, 21396, 21023, 21468, 22320, 22660, 21047, 21569, 21885, 22059, 22910, 22991, 21700, 20897, 22424, 23422, 23299, 23629, 24264, 22744, 22606, 23764, 25269, 25757, 27122, 28007, 28226, 26900, 27332, 26095, 25796, 26392, 26128, 26646, 26405, 25475, 22888, 22469, 22407, 22978, 22773, 22228, 22720, 22499, 24368, 24245, 25970, 27632, 27615, 27204, 27205, 25733, 24938, 26336, 27137, 26672, 26537, 27574, 27096, 27780, 29500, 30344, 30252, 29997, 30578, 32468, 31954, 30635, 31337, 27909, 26845, 26053, 24368, 24297, 24328, 23583, 20894, 21271, 20207, 20381, 21379, 23608, 24051, 22401, 23254, 23829, 24780, 24650, 23415, 24521, 23277, 22721, 23319, 23177, 24040, 24257, 24294, 24321, 25390, 25783, 27768, 28229, 29525, 28949, 29431, 29323, 30561, 31384, 30552, 31136, 31731, 31543, 30156, 29875, 28613, 28562, 26792, 25779, 25224, 23041, 23647, 25493, 24500, 23692, 23353, 24237, 24688, 26671, 27602, 27381, 27871, 26113, 25353, 25557, 23647, 24506, 22331, 23348, 23565, 24644, 24831, 23059, 23004, 22812, 25043, 25641, 25627, 24828, 27006, 26432, 25780, 24812, 25024, 23376, 23172, 22205, 22125, 22105, 23840, 22219, 21380, 20828, 21783, 21985, 21894, 22907, 23338, 25064, 25197, 24277, 25297, 26395, 26298, 24711, 24029, 23257, 23399, 21821, 20993, 20779, 20420, 20976, 23552, 26316, 28273, 27950, 28511, 29746, 29561, 30897, 29601, 29928, 30096, 29812, 29730, 29528, 27953, 27844, 26473, 24961, 22971, 23800, 22817, 23739, 23360, 23876, 23071, 23834, 24369, 24118, 23464, 24018, 24144, 24640, 25527, 25593, 24066, 24737, 26437, 25476, 25037, 24482, 23349, 24207, 25546, 26708, 28597, 29086, 28891, 29610, 28457, 30161, 30602, 30085, 29213, 27487, 27254, 26624, 26388, 25709, 24222, 23984, 24397, 24357, 26368, 26197, 26223, 26522, 25431, 26439, 27408, 26763, 28350, 27793, 28093, 28378, 27591, 27746, 26386, 27657, 26763, 26100, 24505, 24786, 25837, 25257, 25161, 24855, 26760, 27120, 28748, 28872, 27932, 27718, 26948, 27048, 27334, 27970, 25596, 24839, 24814, 25567, 26748, 27376, 26826, 24277, 24085, 24959, 26113, 25740, 25655, 25309, 25855, 24864, 23762, 24220, 23389, 22856, 21686, 22220, 22591, 24441, 26740, 26252, 26209, 26817, 28116, 25641, 28016, 28292, 28672, 27396, 28333, 27402, 27505, 27696, 26647, 26002, 24319, 25020, 25045, 24475, 25017, 26136, 28597, 27798, 28034, 26900, 28375, 29137, 28256, 26583, 27369, 26596, 23789, 22846, 22833, 22439, 23516, 22551, 22506, 23057, 23350, 21880, 21301, 23118, 23133, 23677, 24085, 24535, 24089, 24656, 27191, 27648, 26675, 24604, 24902, 24690, 24539, 24487, 22160, 22080, 21012, 21781, 23374, 23746, 23296, 22626, 22179, 23732, 23476, 22817, 22148, 22998, 23288, 23192, 22652, 22148, 22684, 22896, 23445, 24011, 25469, 25617, 28356, 28401, 28911, 29776, 31664, 32347, 31559, 33396, 33098, 32568, 32544, 33328, 33410, 31514, 29348, 27061, 26468, 24826, 26270, 25294, 23929, 23973, 23016, 23489, 24614, 24369, 25384, 25705, 25330, 24220, 23821, 23128, 23717, 23769, 23638, 22986, 22528, 22691, 23524, 23690, 24168, 24604, 25036, 24284, 25991, 27689, 27568, 27932, 28633, 29901, 29215, 29087, 28765, 29309, 29050, 29674, 27629, 27136, 26653, 26772, 26435, 27010, 26160, 26681, 27349, 26995, 26432, 25216, 25072, 25794, 26013, 23395, 25605, 27800, 27790, 27112, 26552, 27519, 27188, 27048, 28221, 28447, 28390, 26833, 28170, 30172, 29975, 28910, 29895, 28446, 27328, 27745, 27095, 25621, 22713, 21453, 21252, 20945, 19942, 22224, 22247, 23300, 24602, 24439, 23926, 23053, 22210, 23056, 24055, 23119, 22152, 22236, 20314, 19996, 19226, 20607, 20082, 22166, 23732, 23503, 24694, 26196, 26480, 28916, 29650, 28995, 29541, 29633, 29235, 27441, 27771, 27324, 25207, 24427, 24549, 23239, 22024, 24908, 26961, 27900, 28977, 28680, 29526, 31096, 30589, 28636, 26677, 26960, 25622, 24821, 21520, 19989, 19950, 21096, 21481, 23385, 26893, 26960, 28142, 26532, 26335, 26352, 25724, 25489, 25328, 24439, 24085, 25073, 25745, 27044, 26112, 27981, 28960, 28256, 28196, 27060, 26624, 26599, 26709, 26581, 25664, 26697, 25765, 26813, 26102, 28277, 28809, 27972, 26911, 26992, 26950, 26024, 26025, 26927, 27670, 26213, 25797, 25313, 26788, 26256, 25858, 27213, 27462, 27079, 28293, 30821, 31317, 31232, 31683, 30950, 30588, 30779, 27644, 24704, 23577, 21609, 18432, 20945, 22895, 22081, 25464, 29074, 27837, 27652, 28562, 29830, 27988, 24891, 23787, 23744, 22835, 21179, 21821, 23383, 27060, 26920, 27327, 28037, 26358, 26771, 26660, 27313, 27701, 26418, 25680, 25113, 24893, 24996, 27280, 30478, 31460, 28520, 29912, 30353, 27758, 25118, 25479, 23199, 21084, 20925, 22310, 20953, 21504, 24247, 25403, 28647, 31726, 30797, 30556, 29340, 26513, 24585, 22830, 20400, 21976, 22247, 22094, 21824, 23821, 25427, 24766, 27445, 31796, 31406, 30914, 31030, 28202, 26362, 24416, 24187, 24307, 24000, 23752, 22184, 20589, 21714, 19566, 19854, 26267, 26997, 25465, 26540, 25600, 23423, 23136, 22936, 22951, 22829, 22736, 20133, 18279, 20761, 21714, 21864, 27402, 28139, 27028, 28128, 29040, 26644, 24660, 24644, 21992, 24076, 24766, 23745, 22429, 23496, 23180, 25513, 29735, 31880, 31172, 31649, 31626, 26183, 23562, 22856, 21838, 22665, 25678, 23104, 22556, 25352, 26272, 30104, 33516, 36473, 33445, 32855, 34709, 30412, 26582, 23944, 19710, 21038, 21617, 20272, 20846, 20744, 22341, 23681, 26684, 31765, 30653, 31365, 30248, 27199, 25207, 23617, 20949, 23686, 23379, 20133, 18704, 19703, 19276, 23889, 25991, 30664, 30820, 30623, 31394, 27877, 23748, 23261, 20075, 20642, 22068, 19769, 21500, 25609, 26164, 27675, 28965, 32138, 32067, 33138, 33442, 29521, 26380, 24863, 23807, 25526, 27740, 24833, 25600, 28213, 29675, 31744, 33346, 35706, 33533, 33329, 33175, 30596, 26789, 23624, 21483, 21918, 19824, 20580, 20625, 23096, 24520, 26004, 27862, 28755, 28300, 27508, 26688, 22023, 14499, 14108, 14663, 15143, 15529, 16433, 20349, 22861, 23935, 27011, 32064, 32325, 32118, 32352, 31316, 25900, 21117, 19995, 18308, 17519, 18100, 20550, 23117, 26269, 27848, 30854, 33113, 30409, 28370, 26433, 24213, 20058, 18353, 19156, 17374, 16153, 17826, 20728, 22636, 22538, 23053, 27944, 31263, 26749, 26467, 28673, 28516, 26993, 26076, 26339, 25293, 23008, 23159, 26276, 27380, 28525, 28183, 28905, 25295, 22643, 24701, 24735, 21189, 19369, 19330, 18636, 16196, 17220, 19761, 22498, 23066, 24351, 27172, 30213, 29889, 31731, 31899, 29897, 25041, 22137, 22420, 20769, 19598, 20064, 22504, 23344, 27172, 29614, 33097, 33253, 32978, 32994, 32876, 32672, 27848, 29034, 26209, 21846, 19325, 21661, 24074, 26194, 26941, 31641, 32701, 29864, 31604, 33148, 31838, 27628, 26887, 27740, 25018, 19330, 19592, 22313, 24375, 25993, 28769, 31940, 31030, 28343, 29015, 27345, 25650, 21731, 23379, 23096, 18015, 15069, 14984, 18354, 21598, 23904, 27357, 30308, 33379, 33320, 32187, 29837, 28406, 24960, 23374, 20019, 17194, 14002, 15558, 19940, 21784, 24233, 28095, 32151, 32973, 32673, 32668, 30885, 27912, 24616, 25123, 24523, 21726, 19453, 19889, 20231, 21525, 25657, 28826, 31696, 33655, 33135, 32022, 29872, 26925, 26171, 25525, 22700, 20300, 19147, 22655, 24272, 27136, 31000, 32612, 33664, 33243, 32917, 31376, 27735, 22032, 19248, 16721, 15277, 13397, 14854, 15185, 16076, 20630, 26544, 26657, 29427, 29658, 28953, 25093, 21975, 22424, 23320, 20516, 19538, 18748, 18977, 20069, 24469, 26761, 28685, 31232, 33584, 35668, 33831, 31914, 28444, 29036, 28884, 26292, 22379, 20049, 18963, 20271, 23800, 28197, 29282, 32689, 33881, 32828, 29415, 27410, 27895, 25925, 24280, 23368, 21633, 20271, 22176, 25280, 26587, 30326, 30566, 33282, 33815, 32649, 31047, 28418, 27021, 24658, 24437, 20598, 21337, 20012, 22693, 24928, 29186, 31248, 29872, 29734, 26430, 26318, 22548, 23350, 19766, 21004, 23090, 20622, 23801, 24268, 26166, 24615, 28160, 30180, 31746, 31411, 28720, 29023, 23929, 20703, 21662, 20159, 23374, 21709, 22249, 22336, 23132, 26309, 30161, 34016, 33436, 31994, 29306, 25726, 23889, 22201, 22762, 23633, 22803, 20590, 20655, 19767, 20992, 24309, 28378, 31952, 34675, 35747, 33325, 31071, 28350, 24740, 23189, 24759, 19589, 21222, 20611, 21576, 22288, 24524, 27501, 30249, 32133, 30209, 30247, 26654, 26146, 21812, 19371, 21508, 17432, 14892, 17344, 18782, 20518, 21735, 28112, 33974, 32417, 31678, 29857, 26704, 27255, 26008, 23236, 20864, 19147, 20204, 17089, 17695, 22640, 25664, 31888, 29655, 27947, 31511, 32521, 28672, 28503, 28891, 28868, 25265, 22773, 20509, 19448, 19844, 20295, 22976, 28818, 31439, 30457, 31374, 29784, 30057, 29574, 27531, 29155, 24816, 26484, 25077, 25811, 26637, 26481, 28016, 29103, 27889, 26434, 27354, 26813, 25808, 23691, 24701, 24401, 22864, 22172, 19909, 17789, 18242, 20263, 25276, 27163, 25593, 24658, 24077, 26916, 26357, 25089, 27525, 28276, 26166, 23529, 22545, 24270, 25183, 27000, 26063, 24017, 25248, 27550, 25861, 28719, 29822, 28932, 28845, 28005, 28765, 25233, 22772, 22365, 23687, 24969, 26999, 27904, 26532, 26954, 27823, 26667, 26037, 28328, 28676, 26679, 25693, 26061, 23988, 23707, 24486, 25637, 25863, 24918, 25393, 24875, 24454, 23579, 25552, 26525, 26455, 25318, 26056, 24305, 21270, 19867, 19295, 19600, 18241, 18677, 22453, 22567, 23942, 23507, 25021, 26839, 26956, 26099, 25272, 22280, 20331, 19636, 19328, 18113, 18190, 20500, 22063, 23525, 25132, 25615, 27547, 31959, 32035, 30266, 27260, 26919, 26220, 24120, 23800, 23121, 21574, 21344, 25082, 29761, 29184, 27207, 29920, 31338, 32090, 32342, 30565, 31472, 30006, 28751, 27908, 26839, 29160, 30150, 29971, 33516, 32825, 32144, 34377, 33399, 29629, 26650, 26139, 24798, 24030, 22704, 21160, 19161, 19708, 20715, 23110, 23114, 22877, 25189, 24883, 25648, 25204, 21845, 21714, 22684, 21927, 20841, 19961, 20693, 23405, 24235, 27024, 27886, 28148, 31952, 30868, 29907, 28640, 27472, 27604, 27358, 25609, 25946, 22261, 22225, 23965, 24297, 26187, 27047, 26135, 27860, 27905, 27027, 25446, 23601, 23644, 23001, 21652, 18740, 17428, 19793, 22653, 28047, 29898, 30471, 31524, 30262, 29586, 30120, 26533, 27120, 24802, 22138, 20327, 17929, 21844, 20069, 22023, 24335, 27003, 25820, 25829, 26308, 25624, 24889, 23330, 23552, 22569, 22288, 20397, 21885, 20845, 23119, 24476, 27604, 26567, 25410, 26728, 26115, 24944, 26057, 24725, 26677, 28397, 28126, 25544, 25175, 27284, 26217, 28563, 30836, 31474, 32924, 34255, 33172, 31827, 32870, 29732, 29092, 27144, 25968, 25029, 21884, 24263, 27461, 28551, 29969, 30226, 30631, 27648, 29408, 28761, 28491, 28310, 24762, 25616, 24627, 22854, 24773, 26022, 25879, 26505, 26291, 25661, 25411, 25024, 26035, 26495, 24751, 22574, 22936, 20625, 19964, 21340, 23205, 24368, 27093, 24609, 27070, 26168, 24616, 24647, 25367, 22750, 23371, 25618, 26816, 26431, 21979, 24008, 26081, 26162, 24744, 26653, 25440, 25165, 24248, 24217, 26681, 25140, 26432, 25409, 22485, 21456, 21116, 22916, 26365, 26624, 25526, 25895, 24701, 26090, 25841, 26440, 29382, 28582, 29350, 30743, 30131, 28981, 28033, 30816, 31139, 32338, 29744, 28678, 29405, 24793, 22937, 21768, 23696, 23329, 20324, 21539, 20381, 18298, 19009, 20485, 23517, 22398, 24136, 23901, 25960, 23699, 24084, 24696, 25075, 24392, 21649, 21805, 21912, 20390, 20500, 23040, 25441, 26295, 25769, 26311, 27228, 24989, 26496, 26197, 27513, 26914, 24980, 24813, 22913, 21008, 23505, 25823, 28181, 29223, 30045, 29420, 28857, 25278, 26818, 27395, 28286, 28635, 25651, 24762, 23639, 24979, 26215, 29206, 29332, 30772, 29133, 29058, 28125, 26966, 25652, 27185, 23169, 25565, 22404, 20906, 21569, 20322, 19037, 19211, 20832, 21069, 21736, 21838, 22625, 22470, 23153, 25376, 24489, 26627, 24772, 22237, 20785, 21864, 22745, 23461, 23349, 24841, 27753, 26108, 26134, 25335, 27867, 25937, 26037, 25697, 25990, 24549, 23577, 26474, 26064, 24908, 23000, 25576, 27253, 27885, 27163, 27292, 24891, 26787, 26236, 27495, 25257, 25615, 26945, 27271, 27510, 26829, 27828, 27757, 29709, 31540, 33564, 34509, 37291, 35507, 33597, 31611, 29765, 28235, 26723, 26112, 22836, 19853, 21152, 23705, 22856, 22528, 23517, 22897, 23344, 23893, 25190, 24485, 23248, 25799, 25045, 20624, 20022, 19345, 21717, 21876, 21717, 24079, 25905, 25955, 27634, 29722, 28571, 29145, 25333, 26378, 27201, 27284, 27456, 27108, 27470, 28134, 30195, 30443, 30455, 30470, 30928, 31126, 29749, 27301, 25413, 27062, 27209, 25904, 23141, 24105, 23564, 22785, 23617, 25848, 27163, 26808, 28076, 27982, 26360, 25500, 23392, 23527, 22240, 19028, 18452, 20388, 18809, 20665, 22926, 20766, 23056, 22592, 24208, 26124, 26136, 26649, 26849, 27187, 25892, 25401, 23431, 24576, 24423, 25229, 22760, 22070, 23280, 24409, 27208, 27485, 27551, 24644, 25161, 23148, 23670, 24232, 22409, 21852, 22465, 24753, 25708, 26254, 28263, 30824, 31448, 31328, 29208, 28864, 29249, 27917, 28105, 28399, 25363, 25318, 23714, 25800, 27184, 27531, 31104, 33114, 33947, 33751, 34306, 30803, 30385, 27458, 25301, 23563, 21973, 23168, 21648, 24285, 24102, 24807, 25468, 26408, 26101, 25136, 22154, 21919, 22848, 19316, 18246, 19124, 18149, 18757, 20189, 21012, 22256, 23664, 25494, 26199, 24833, 25228, 25912, 23708, 22474, 22768, 23064, 21968, 24208, 24159, 24622, 23501, 25323, 28264, 27300, 29159, 28195, 29600, 28121, 27463, 25598, 21851, 20601, 18591, 20993, 20004, 19031, 22565, 25460, 23840, 24688, 26448, 26179, 26772, 27897, 30177, 30876, 28203, 26714, 28867, 29355, 30333, 28809, 29789, 30630, 29397, 26756, 27259, 25428, 24081, 23653, 21529, 20823, 18932, 18177, 19208, 22080, 22119, 22732, 23319, 23629, 24848, 27221, 28785, 28423, 29386, 25597, 24891, 24490, 23922, 26237, 25610, 23944, 24808, 24528, 25266, 25598, 26053, 27243, 30864, 30600, 30588, 29134, 28683, 25628, 25382, 24889, 23459, 23479, 22600, 26245, 29552, 28160, 30939, 27953, 28893, 27014, 27959, 28027, 29740, 27617, 29755, 31104, 30893, 32176, 31140, 31044, 30684, 28241, 27261, 26879, 28432, 27190, 24031, 21366, 19593, 19592, 19613, 20711, 21666, 23241, 23956, 24722, 23340, 22672, 25271, 23908, 22453, 22616, 23335, 21716, 20758, 23502, 22820, 22528, 21286, 20688, 19465, 21312, 23303, 25393, 25093, 23008, 24947, 24891, 25101, 23525, 23231, 24436, 24056, 24901, 25337, 28245, 28261, 28672, 29410, 26725, 28381, 27911, 28007, 25712, 23565, 21943, 19361, 20120, 21319, 22390, 24047, 27724, 29126, 28767, 29865, 30889, 30532, 28995, 30113, 28205, 24513, 21682, 19679, 22277, 20252, 19820, 24844, 26147, 26325, 25756, 25854, 28573, 27502, 27233, 26893, 27288, 26213, 24664, 25664, 24513, 24763, 23325, 26104, 26361, 25600, 28077, 29516, 28511, 28503, 28077, 27786, 28277, 26534, 26886, 26310, 25163, 23236, 23847, 23880, 25803, 27984, 27795, 28713, 25956, 24302, 25409, 25125, 25125, 24829, 22099, 23568, 22413, 23806, 27380, 29612, 31200, 32393, 31139, 32579, 33442, 32546, 34357, 33522, 32232, 33829, 30744, 30757, 29497, 27109, 24824, 23322, 23964, 25311, 26638, 25600, 26575, 26010, 24401, 23794, 23200, 23865, 24155, 26562, 24504, 21969, 23888, 25349, 25779, 27904, 27104, 26794, 25052, 23792, 23803, 25350, 25065, 27647, 27000, 26886, 26827, 23732, 24720, 26808, 25990, 27472, 27648, 26960, 23665, 22229, 23683, 24951, 26244, 26605, 25409, 26426, 25024, 26061, 26549, 23844, 22737, 24253, 24999, 23982, 22628, 21684, 21629, 22502, 22753, 22311, 22998, 23389, 23724, 24842, 24118, 23738, 24143, 24781, 26816, 26112, 23712, 23058, 23326, 25162, 25811, 25713, 25509, 25591, 23756, 21655, 20071, 19272, 20567, 21301, 21540, 21860, 19860, 18650, 16709, 18811, 20870, 21325, 22734, 23270, 24604, 25696, 26681, 27010, 26376, 24100, 23013, 24652, 24518, 22054, 21985, 21656, 22812, 23081, 23040, 23408, 24649, 26463, 29289, 28874, 31120, 33426, 31397, 31291, 31909, 31656, 29399, 26696, 27638, 28383, 31319, 31117, 33366, 32937, 32935, 31082, 29577, 31240, 31280, 29777, 24348, 21504, 21455, 21027, 16881, 18015, 21535, 19563, 20246, 19719, 21943, 27671, 28401, 29023, 26932, 25814, 23987, 24051, 24279, 24742, 23280, 25829, 25184, 26181, 29381, 29678, 26515, 26472, 27693, 28249, 28138, 27164, 26533, 24239, 23673, 21617, 22905, 22384, 24653, 27364, 26816, 27136, 24033, 21937, 21081, 20407, 22628, 21760, 21802, 25389, 22993, 26859, 28724, 31836, 34226, 34171, 34406, 34482, 33172, 33308, 34531, 35263, 32344, 31590, 30608, 28248, 26363, 25931, 24749, 22784, 21155, 21828, 19237, 21719, 23296, 20526, 20974, 20095, 19785, 20992, 22093, 24724, 25120, 24118, 23767, 25830, 26546, 24372, 21997, 20933, 20612, 24158, 24522, 25672, 26728, 29778, 31648, 30681, 30435, 29966, 30448, 29477, 31157, 28743, 27100, 26086, 23681, 23671, 24869, 23668, 21731, 21056, 22250, 22389, 22948, 22553, 23185, 22098, 22713, 21504, 19955, 21423, 23077, 25236, 25117, 26092, 28148, 28206, 28770, 29043, 34630, 31546, 30145, 31664, 29705, 30173, 28937, 27122, 28281, 25609, 27884, 25785, 23867, 26834, 27661, 27319, 26877, 25187, 25613, 24663, 26998, 28780, 26849, 27596, 26541, 25601, 29048, 29477, 27070, 28248, 26795, 23538, 24043, 24426, 24948, 23844, 22828, 21713, 20359, 23340, 26174, 27493, 25304, 28110, 29231, 29553, 29987, 27789, 30012, 31807, 28000, 25461, 23798, 23504, 25722, 25009, 27757, 29579, 27176, 27648, 29447, 28502, 27548, 29988, 29205, 26158, 24821, 24845, 25848, 25615, 24325, 22344, 23637, 23003, 23588, 22700, 23055, 23903, 21577, 19539, 19325, 20624, 20149, 21940, 26019, 27343, 26753, 28439, 27653, 28636, 28465, 27068, 26259, 24100, 23229, 22485, 22503, 23813, 23380, 23524, 24179, 22619, 21759, 21116, 22284, 23729, 24168, 22686, 23729, 24809, 23740, 25661, 25362, 26072, 27464, 28799, 26584, 28143, 30857, 29082, 25981, 27425, 26221, 26797, 31468, 31509, 30834, 32432, 32664, 31345, 31639, 31594, 29919, 29356, 24109, 21646, 22165, 21804, 21924, 21805, 22985, 23876, 22305, 24484, 21959, 24250, 23656, 23069, 24027, 23552, 22932, 20174, 20033, 18769, 21058, 24146, 24198, 23724, 26237, 27167, 29568, 26851, 26778, 24748, 25585, 25878, 25320, 25157, 25168, 27184, 27112, 28016, 28441, 26934, 25687, 25632, 24484, 25984, 24333, 24416, 26112, 23542, 23237, 19527, 20085, 19066, 22972, 24631, 30409, 34399, 30973, 28625, 27506, 26444, 28233, 26725, 28620, 29353, 27622, 27823, 32789, 34356, 31473, 32308, 33487, 30349, 28879, 27063, 27207, 26389, 25585, 25999, 22428, 21099, 16983, 17615, 17933, 20100, 19955, 18998, 20876, 20422, 21108, 20332, 17216, 17201, 19604, 18225, 18537, 21543, 23773, 25032, 23653, 25326, 25105, 25424, 27942, 28064, 29936, 31180, 30882, 30292, 28619, 28711, 27888, 29352, 28739, 28224, 24935, 26304, 28875, 27004, 26519, 27346, 26933, 27136, 27408, 29395, 27944, 29517, 31276, 32008, 29514, 29433, 29080, 28308, 29535, 27760, 23905, 22991, 21359, 18303, 17892, 18367, 19246, 19121, 18815, 20288, 22134, 25702, 27713, 27518, 28452, 28988, 29160, 30183, 29350, 30668, 30730, 30753, 31015, 29615, 28492, 27760, 27687, 27372, 27110, 25523, 25443, 27504, 25602, 24167, 22128, 22784, 22260, 22969, 27432, 25415, 24373, 24227, 23845, 20480, 23659, 24188, 22546, 21808, 23219, 24630, 21953, 22047, 24645, 26194, 29429, 29879, 33093, 32717, 31265, 32694, 33493, 36824, 35249, 33123, 30056, 32976, 32630, 32417, 31813, 27835, 23718, 21692, 20156, 18542, 19392, 19457, 20533, 18880, 19377, 16878, 15280, 17492, 20416, 19817, 20425, 18109, 21383, 23852, 24403, 24633, 22997, 24141, 25573, 26676, 29477, 28329, 26434, 23897, 23073, 23388, 25452, 26899, 24405, 26943, 29160, 29366, 29471, 27958, 30229, 30981, 31216, 26716, 25113, 27738, 28380, 24412, 23347, 21103, 19180, 19724, 17635, 16774, 18360, 23666, 28401, 26900, 27518, 25792, 26774, 26477, 26159, 26911, 29106, 29455, 30420, 31479, 30235, 28167, 29632, 29184, 30550, 25918, 22609, 23855, 27045, 25397, 20249, 17229, 19118, 19113, 18547, 17994, 18096, 23687, 25339, 28328, 28550, 31456, 33922, 30758, 25404, 20717, 20631, 19543, 18645, 17819, 16444, 17112, 19502, 21072, 22453, 27682, 33108, 34641, 35549, 34565, 31878, 30818, 32672, 31712, 32847, 29330, 25692, 28534, 28000, 29072, 32323, 34086, 34304, 31625, 29696, 28500, 27822, 25488, 26080, 22678, 22901, 23762, 21972, 22103, 21872, 22146, 20120, 22431, 22423, 21779, 27418, 34140, 36114, 34552, 32884, 34503, 31272, 27960, 25097, 26164, 25295, 24918, 20801, 19245, 16799, 20964, 20032, 20244, 21735, 20323, 20993, 24511, 30065, 32645, 28036, 21908, 21316, 21867, 18911, 17382, 16509, 16567, 16096, 14175, 17169, 18765, 20306, 21881, 24241, 23617, 24491, 27100, 27909, 28239, 28273, 27757, 23474, 19856, 21486, 23389, 25511, 25088, 25692, 26977, 31392, 33720, 36322, 40968, 41450, 37667, 35877, 35176, 32674, 28705, 25600, 21601, 22906, 21118, 20909, 21133, 22613, 24943, 26708, 27277, 28111, 27955, 27068, 25463, 27780, 25275, 19153, 14684, 16312, 18732, 18989, 19412, 19513, 20160, 24875, 28145, 31357, 35504, 38240, 37768, 36370, 36452, 35744, 32915, 31448, 29518, 26251, 26711, 23068, 21831, 23735, 23164, 25757, 26493, 25927, 25528, 25977, 25251, 28197, 29149, 28612, 27319, 25887, 23744, 18399, 18641, 23829, 26036, 26453, 28500, 30479, 31670, 32283, 33131, 35690, 35713, 34385, 34305, 31605, 27875, 29059, 27492, 25243, 24537, 22590, 17992, 16091, 21319, 21927, 21247, 22160, 23372, 24931, 25934, 27461, 24999, 26475, 25352, 19960, 15621, 16059, 17272, 16333, 15261, 17141, 19313, 20480, 25043, 28404, 31575, 34903, 33873, 32959, 33530, 30042, 31070, 30445, 26754, 22911, 23252, 23839, 22646, 24264, 25916, 23544, 26087, 28336, 27783, 33877, 37930, 34761, 30603, 27252, 25088, 24849, 24152, 20254, 16516, 18979, 19657, 19637, 21381, 23853, 23735, 27765, 29187, 28229, 26749, 25212, 21575, 19720, 18707, 16467, 10992, 10832, 14604, 16276, 20402, 23934, 25837, 30909, 33119, 33787, 37275, 38144, 34061, 30557, 32400, 30760, 25336, 26353, 26732, 22313, 21504, 19668, 18566, 22043, 26820, 25809, 24116, 25564, 27590, 26916, 26783, 24050, 20241, 21469, 19085, 16761, 16233, 18682, 19228, 19366, 19008, 23508, 28913, 32725, 33040, 37584, 41206, 40290, 39313, 37087, 34740, 31715, 29397, 27074, 25783, 24121, 23621, 24092, 23389, 25599, 24969, 25624, 27802, 30013, 28856, 30017, 28356, 25941, 24334, 20423, 19379, 18648, 17360, 17257, 20197, 20369, 19678, 19072, 19106, 20993, 24096, 24984, 26580, 26581, 27996, 26824, 26423, 24694, 25062, 23754, 20740, 18944, 20924, 23769, 25960, 24272, 25628, 29189, 29376, 27658, 23722, 24450, 26148, 24996, 24272, 22019, 21893, 20944, 18373, 18519, 23343, 24815, 24429, 24982, 27357, 29114, 29312, 29013, 29100, 26679, 23960, 23874, 20246, 21385, 21402, 22949, 22856, 26030, 24907, 27465, 30335, 30404, 32233, 33842, 33783, 31896, 30561, 28937, 25498, 21468, 19383, 18585, 17974, 16847, 15967, 17301, 17985, 17723, 19862, 24636, 27652, 29908, 30190, 28788, 29005, 27869, 24887, 21808, 20073, 22659, 20706, 17494, 18665, 20224, 22487, 26032, 25833, 29481, 34491, 36561, 35065, 35226, 33562, 33224, 31667, 29624, 27881, 25961, 23552, 21007, 22407, 22955, 22790, 23208, 22449, 24699, 27334, 28027, 28496, 30864, 31463, 27541, 27393, 28136, 26972, 25591, 23479, 24184, 24243, 24805, 25113, 25602, 26424, 26397, 26167, 28459, 30501, 30965, 30654, 28921, 29120, 30279, 30106, 29015, 28227, 27635, 30481, 29173, 26347, 23728, 26889, 28299, 29010, 27243, 23944, 20944, 22335, 21523, 20028, 21231, 21121, 22157, 21440, 21800, 23736, 26064, 27239, 27193, 26391, 27056, 27360, 26415, 24292, 22496, 21231, 18364, 18318, 19791, 21978, 24339, 25729, 29205, 31956, 32001, 35124, 36884, 36864, 36375, 34644, 29818, 26780, 23759, 17574, 16097, 11264, 10160, 10267, 10770, 12942, 15944, 18872, 22136, 23452, 26393, 29636, 32268, 30630, 30839, 27704, 25766, 22933, 21853, 17693, 18944, 19162, 19266, 21676, 24965, 26226, 27605, 32312, 35677, 37312, 39037, 35149, 33387, 34525, 34979, 33582, 29508, 29192, 27231, 25508, 25209, 24321, 20484, 20875, 19255, 19110, 21207, 23233, 23283, 24740, 23326, 26198, 27249, 27860, 28434, 29771, 31875, 29696, 29492, 31309, 29167, 27846, 27753, 26001, 25579, 24554, 22310, 19484, 19555, 24120, 25667, 26986, 26230, 25932, 28505, 27959, 28359, 30136, 31313, 29404, 26470, 28394, 26307, 23253, 21252, 20411, 19420, 19814, 19766, 21558, 21982, 24312, 26153, 25569, 27635, 30248, 30516, 28267, 28395, 29410, 30222, 27101, 24368, 22473, 21008, 17623, 16844, 17408, 15987, 19331, 23378, 25167, 25956, 29496, 32256, 33865, 35373, 35871, 36331, 32779, 27137, 29184, 28456, 24497, 22391, 19905, 20567, 19468, 18308, 18707, 20524, 22849, 24470, 27184, 28068, 28950, 29156, 26642, 26970, 25816, 23616, 22940, 23257, 22392, 19763, 20982, 21783, 21249, 22823, 24092, 27126, 28959, 28885, 28343, 29864, 30511, 29498, 26495, 25935, 26982, 23934, 20642, 18518, 16595, 18175, 17342, 17411, 21361, 23986, 25545, 27140, 25600, 25960, 25169, 27823, 28342, 27785, 25240, 25893, 25088, 22981, 23565, 25351, 26888, 24385, 23331, 24064, 28253, 28425, 27883, 29190, 33793, 33909, 35288, 35644, 36344, 35127, 33635, 31678, 28972, 24743, 22533, 20123, 20660, 20807, 17901, 16764, 16160, 15646, 15641, 19221, 22070, 25664, 27740, 30667, 33263, 32173, 29880, 27793, 29064, 29682, 25821, 26660, 28550, 27366, 23791, 22693, 24857, 25964, 24477, 27624, 29144, 32937, 32422, 33885, 33007, 34344, 33779, 32681, 32375, 28766, 24825, 25748, 23924, 21133, 22000, 21245, 19365, 19989, 20593, 20904, 23924, 26624, 27025, 28767, 33076, 35016, 33102, 29731, 28725, 28160, 26170, 24041, 24146, 24991, 24667, 24603, 24308, 25416, 26408, 27107, 27435, 28069, 30392, 30726, 30190, 31690, 31260, 30795, 29803, 28096, 26135, 22822, 21149, 19557, 18855, 17420, 18322, 18473, 16779, 19557, 20649, 21331, 23022, 25392, 27037, 28852, 29929, 31433, 32562, 33710, 32732, 30823, 29864, 24307, 21160, 21212, 19957, 21763, 21926, 19370, 18414, 19975, 24148, 24456, 23084, 28049, 31517, 29992, 29696, 29564, 32348, 30474, 27916, 27504, 28029, 25939, 20831, 19795, 19777, 16792, 13621, 14056, 17068, 20749, 24373, 24778, 24337, 28061, 28320, 26777, 27734, 27581, 26534, 24661, 22744, 21185, 20975, 21285, 22239, 22393, 22876, 25088, 26816, 28150, 28753, 30795, 31074, 33029, 32547, 29909, 28003, 28176, 27246, 19736, 16724, 17989, 16782, 15845, 15937, 16978, 17393, 19784, 21698, 25577, 26899, 30291, 31232, 32036, 32066, 33983, 33886, 32877, 31719, 29393, 27608, 26183, 23362, 23399, 20940, 21036, 22848, 19787, 19489, 21968, 25229, 25615, 28886, 32748, 32457, 31566, 30637, 27683, 27037, 28006, 25017, 20980, 18106, 13695, 12228, 12774, 10663, 10563, 14738, 16479, 17493, 18085, 20579, 22985, 27933, 32187, 34197, 34307, 35269, 32217, 30032, 27800, 25667, 26753, 30359, 29875, 27166, 25552, 25690, 22853, 18185, 19583, 20123, 24473, 24000, 23750, 24528, 28261, 27774, 24915, 24031, 25145, 25336, 23527, 22822, 21469, 19459, 16296, 16343, 18717, 21063, 22952, 26457, 29104, 29407, 31840, 31662, 34322, 35603, 34304, 33931, 33309, 29425, 23553, 23212, 24434, 23614, 22551, 21475, 22540, 22095, 21533, 19170, 20505, 25221, 26724, 27634, 32541, 32800, 30873, 28205, 28495, 27111, 24331, 21569, 20416, 22824, 19648, 17487, 19056, 19876, 19071, 18519, 25324, 30885, 33612, 32620, 36172, 39521, 38219, 34647, 29051, 27979, 29492, 28304, 26930, 31836, 31757, 24017, 22560, 24895, 29193, 29152, 30385, 32552, 34325, 32443, 29837, 29636, 27077, 27400, 27315, 27182, 24472, 22621, 21943, 18221, 18287, 20744, 20940, 22950, 22791, 24166, 25323, 22432, 22316, 22460, 21489, 24830, 27263, 27898, 30281, 28488, 27112, 26449, 25574, 28196, 29147, 29269, 27329, 26418, 27211, 24595, 21980, 23351, 24885, 22608, 24968, 26397, 25185, 25740, 25647, 25938, 30382, 30399, 26842, 25893, 24761, 23963, 22557, 20975, 20124, 19555, 19824, 20901, 25625, 29268, 28437, 27688, 29654, 33802, 34629, 33261, 34225, 35253, 33129, 30376, 26760, 25468, 22457, 21993, 21479, 19278, 18528, 19324, 21749, 24412, 25340, 24868, 27184, 30257, 29990, 30590, 29687, 25769, 18540, 14581, 12816, 13224, 14713, 15915, 19751, 19889, 18800, 17772, 19207, 24446, 30030, 34233, 37146, 40742, 41138, 35912, 34024, 31910, 27312, 23813, 24701, 23859, 26741, 26630, 23236, 25900, 25941, 26014, 27056, 31914, 34742, 34964, 33594, 31824, 30259, 26266, 27076, 26710, 25712, 25484, 25039, 23573, 23232, 21863, 27012, 28128, 28977, 30088, 31320, 33992, 33900, 31104, 28970, 27608, 25491, 20953, 23312, 25361, 26472, 24028, 23253, 24356, 22601, 22812, 25038, 26865, 29726, 31498, 27964, 22897, 21423, 19776, 19577, 24211, 23952, 20555, 22173, 23218, 23072, 22284, 24577, 27955, 29886, 27439, 26898, 28305, 28970, 24551, 19850, 19920, 21536, 19889, 21545, 25038, 28680, 30530, 32850, 33169, 32968, 32078, 31174, 30834, 31324, 27079, 21715, 17906, 17901, 17823, 20223, 21336, 23200, 23431, 25269, 27251, 29984, 31541, 35179, 36730, 37009, 38288, 36044, 30992, 27603, 22385, 18639, 13967, 11079, 13367, 13568, 14620, 15341, 18572, 21191, 21137, 24741, 30624, 32410, 33767, 29408, 26945, 24812, 23656, 22709, 20952, 20356, 19575, 20231, 19695, 19552, 18388, 19767, 21732, 23341, 28265, 31427, 34080, 32853, 34256, 35618, 32034, 29840, 24542, 21145, 22320, 21295, 22276, 21895, 22333, 24245, 25849, 24741, 25704, 27287, 29100, 29532, 29751, 30454, 31978, 33987, 32999, 31296, 31018, 30030, 30904, 28019, 27078, 26017, 26798, 25339, 22495, 23585, 26646, 28039, 26132, 24701, 25399, 23952, 21455, 22464, 22439, 22709, 23360, 27289, 27296, 26911, 28236, 27701, 23660, 22297, 23763, 24029, 21271, 20853, 22377, 25109, 24779, 22877, 25596, 28097, 28346, 25963, 26672, 27304, 28884, 32887, 32927, 30171, 29372, 27726, 27454, 24748, 21081, 18628, 18694, 18167, 18440, 19746, 21299, 24520, 26889, 26655, 25640, 25756, 26029, 27757, 28246, 27550, 28194, 26010, 26658, 27575, 24067, 21213, 21265, 21318, 19660, 22780, 23948, 24747, 26782, 26913, 26182, 26304, 26953, 24680, 24116, 24367, 25898, 25521, 21442, 19520, 16421, 16564, 18580, 20949, 25567, 23703, 24466, 25829, 27300, 28528, 28247, 30143, 30221, 29829, 29126, 26816, 23154, 20300, 17913, 18582, 20006, 21367, 23653, 25091, 26455, 26073, 27793, 28561, 31369, 32955, 35798, 38659, 37562, 34841, 31115, 27818, 27649, 25181, 25714, 26160, 26724, 26960, 25606, 25387, 27029, 28541, 29115, 30077, 33814, 36304, 36908, 34572, 32006, 27877, 21619, 16701, 17320, 17277, 21590, 23133, 20672, 20088, 22630, 21362, 22225, 24021, 29444, 30791, 27799, 29012, 26729, 24705, 23520, 21296, 21565, 21561, 21321, 24908, 23527, 23748, 21976, 21168, 23884, 23225, 24546, 27767, 30510, 27760, 25055, 25713, 27022, 26640, 27121, 27476, 28673, 28857, 31146, 31076, 24805, 25865, 25589, 28135, 26835, 25558, 24198, 24112, 20790, 17833, 17876, 19975, 24159, 27498, 27350, 29047, 30455, 26637, 25837, 28985, 32217, 27738, 25092, 25099, 24723, 22288, 17480, 16712, 17201, 16832, 19455, 20812, 23264, 22992, 24271, 25583, 23548, 23135, 25348, 27486, 33744, 33280, 31597, 30561, 25752, 21681, 19349, 18398, 22453, 22397, 22477, 26913, 27391, 28057, 29869, 31473, 31102, 26401, 24830, 26470, 27890, 26429, 21516, 20484, 17803, 20089, 21038, 20962, 24280, 27649, 28096, 28413, 28729, 32132, 34614, 33379, 31392, 32139, 33498, 31960, 25794, 23272, 25124, 25429, 27432, 25440, 24269, 25595, 27756, 29541, 30285, 27185, 28278, 28017, 25133, 25145, 26401, 23785, 19920, 16140, 15957, 17102, 15517, 21185, 23551, 23541, 23740, 26135, 27763, 28790, 28013, 27920, 28902, 24468, 25779, 27254, 27747, 23812, 20664, 22376, 26697, 26753, 24743, 28031, 29370, 30305, 28720, 28801, 29026, 23617, 22817, 23508, 22656, 22901, 22172, 22745, 26710, 22593, 21396, 23312, 26424, 27493, 28633, 31641, 34153, 34118, 30454, 25607, 23863, 23577, 23606, 23546, 23950, 27206, 26012, 24678, 24459, 25826, 27676, 28952, 28800, 33185, 33089, 25008, 20233, 15430, 16476, 14232, 15693, 16876, 19173, 23625, 25724, 26424, 23516, 24118, 28057, 32141, 35501, 36597, 35309, 31172, 29981, 25788, 21982, 20169, 23104, 22587, 22586, 23193, 23527, 23233, 22999, 21179, 24148, 29445, 34276, 37593, 39508, 36792, 32585, 28845, 26136, 25694, 27432, 26882, 26369, 27702, 24990, 17641, 18881, 23807, 27552, 31584, 36430, 36994, 32693, 27348, 25292, 22399, 19175, 20925, 25924, 27068, 27004, 24224, 21655, 20854, 20009, 19776, 21764, 25664, 28114, 30346, 29019, 25411, 22153, 19863, 23391, 26048, 25589, 26432, 29657, 28471, 24626, 26186, 26431, 27526, 30005, 33575, 31429, 27973, 24416, 21698, 15127, 19783, 21233, 21277, 18244, 20069, 20195, 20744, 23373, 26297, 27750, 32794, 37181, 38784, 29693, 25636, 25199, 22822, 19190, 16216, 18451, 23304, 24627, 27468, 30115, 28010, 27187, 30788, 34771, 36219, 36323, 35396, 35791, 31350, 26520, 24623, 23511, 21719, 17899, 19331, 19768, 16325, 20007, 19483, 17771, 19293, 21179, 17436, 23841, 29739, 30310, 24581, 21676, 17188, 18067, 18712, 21188, 21972, 24606, 26537, 22183, 22389, 22144, 27408, 29512, 29894, 29289, 27332, 27070, 25235, 23870, 20451, 23729, 24549, 23294, 21476, 21868, 29448, 33713, 33884, 31767, 31210, 34993, 36352, 38400, 36715, 28930, 27607, 30224, 33768, 29321, 29314, 28986, 29396, 24204, 21441, 23967, 27482, 28404, 27710, 29541, 27477, 23344, 22836, 22268, 22153, 21907, 22045, 17881, 20189, 21767, 21056, 22016, 22274, 21116, 21148, 28539, 30304, 29587, 29013, 29782, 24387, 19086, 18327, 23652, 25681, 26600, 22249, 22465, 23908, 23840, 24761, 25876, 30876, 38421, 32723, 26470, 23831, 26534, 25999, 28550, 30504, 28129, 23161, 23556, 22251, 20992, 18344, 22166, 31593, 29040, 24276, 29746, 34216, 31665, 28169, 22620, 26381, 31298, 27515, 23334, 27233, 31635, 32710, 30975, 26394, 24145, 27226, 23759, 22224, 25134, 29516, 29569, 22619, 21826, 17921, 16407, 17853, 19303, 16357, 19444, 17228, 19000, 22850, 24365, 24610, 24726, 24188, 23904, 29366, 32958, 35880, 33182, 32779, 31941, 25060, 25790, 26345, 23524, 22412, 21261, 20519, 19713, 18301, 22050, 24512, 24580, 25657, 25059, 22619, 25768, 28800, 29528, 26362, 24771, 20985, 20257, 22223, 25779, 26402, 25735, 25797, 27629, 26313, 28998, 29818, 30880, 30980, 28222, 24875, 27928, 28812, 31494, 31272, 24717, 22020, 19939, 19923, 21376, 25553, 25653, 28243, 27705, 27718, 29386, 28358, 24976, 24647, 22633, 22482, 21864, 22057, 24483, 24870, 23120, 19579, 18350, 18505, 21038, 24640, 23166, 23879, 25273, 25259, 24189, 23979, 22965, 25222, 27584, 29005, 29312, 27685, 28500, 32552, 31497, 32791, 32704, 31836, 29038, 26235, 24262, 24332, 24830, 23596, 23910, 22391, 25748, 26582, 24705, 28380, 31276, 32137, 29949, 27722, 32490, 37517, 35695, 34458, 28174, 26885, 25589, 24705, 23799, 19664, 18827, 16655, 18212, 17237, 17046, 18213, 21300, 24880, 22373, 25600, 32097, 32978, 31537, 30904, 27192, 22265, 22165, 19476, 19156, 18676, 17284, 15123, 18229, 22528, 26057, 26257, 28547, 30318, 29420, 25674, 26318, 26305, 25664, 23560, 25503, 26383, 25465, 20916, 22535, 24003, 24361, 22887, 22573, 23792, 27171, 32582, 32186, 31362, 29565, 27275, 28779, 31238, 28565, 28580, 29004, 34312, 32306, 27337, 29339, 30987, 31764, 33021, 32832, 27991, 27564, 27620, 28542, 24493, 24557, 24258, 21415, 20480, 22553, 22775, 16805, 13779, 14173, 19343, 17930, 14156, 12372, 17638, 25012, 30452, 29116, 24972, 22208, 19270, 20796, 26520, 28383, 29088, 31588, 32935, 29696, 29006, 27112, 24468, 23501, 20028, 19983, 22962, 23117, 24411, 26892, 25396, 25143, 27383, 27528, 28183, 30858, 29094, 26821, 28056, 26442, 27389, 27745, 28496, 26648, 26240, 27560, 25745, 23320, 24148, 26447, 22839, 24067, 27322, 26201, 28180, 28640, 31052, 26934, 26143, 24976, 24725, 24887, 24272, 24093, 27341, 24740, 23600, 19416, 16155, 20753, 23077, 23828, 21993, 20516, 21063, 22095, 22189, 26315, 27624, 23448, 18996, 22974, 25831, 28472, 29005, 24650, 21757, 24044, 25664, 27180, 26362, 25665, 27348, 25608, 24330, 24561, 27489, 29145, 31463, 28039, 26261, 25272, 27113, 26334, 25829, 25782, 30070, 32629, 31675, 30742, 29690, 27841, 31312, 29476, 28834, 26520, 29388, 33859, 33115, 29699, 26053, 28623, 27285, 28211, 31208, 29232, 28105, 25943, 22578, 22083, 25088, 23347, 23582, 23719, 23187, 22812, 23133, 22098, 18836, 21279, 23573, 23992, 27076, 27223, 26149, 27191, 30090, 29327, 27220, 28179, 29747, 30045, 31560, 28250, 24640, 21266, 21072, 24735, 27013, 24924, 22875, 24659, 24453, 20483, 16070, 15528, 16435, 15780, 14508, 16605, 21955, 24583, 26494, 28916, 29419, 29261, 28192, 26960, 27308, 28801, 29289, 29838, 31792, 29072, 23212, 19453, 22509, 29067, 30026, 28860, 26371, 27356, 31264, 30816, 31163, 28718, 24560, 27308, 30612, 29148, 24709, 21223, 20311, 21778, 20208, 17829, 17408, 19110, 22859, 23987, 22025, 21041, 20354, 21237, 24407, 22972, 24689, 27380, 29696, 30410, 28319, 27122, 25182, 23694, 24169, 25518, 25527, 21801, 20155, 23724, 21723, 19791, 17548, 15385, 16857, 20442, 22431, 21453, 23408, 26873, 28401, 29877, 33889, 36029, 36814, 36714, 33869, 31055, 29620, 32542, 31409, 31000, 30747, 29367, 22165, 21326, 21353, 23893, 15956, 25744, 17480, 25088, 30670, 25396, 33490, 34157, 27448, 29661, 31921, 25912, 26833, 25486, 21457, 23658, 24216, 22708, 16704, 13481, 19797, 20673, 20897, 24208, 25623, 28802, 33280, 29594, 22840, 23255, 21997, 24030, 21557, 20051, 26989, 27861, 27956, 26837, 25828, 24385, 23052, 24354, 28873, 32741, 31340, 28031, 26885, 30411, 30784, 29516, 26585, 23417, 21430, 21340, 23704, 24130, 22245, 28176, 26994, 23749, 24977, 27459, 29640, 34422, 32591, 27862, 27009, 30999, 33589, 29833, 26701, 22881, 19844, 14557, 11544, 16327, 21085, 21780, 15384, 13380, 14404, 20364, 28094, 26553, 30877, 36742, 34602, 30232, 28907, 30161, 29482, 26300, 21993, 21039, 18397, 14428, 12455, 14275, 14673, 14604, 15784, 21151, 24461, 22869, 25037, 32884, 34115, 33556, 37020, 38752, 34816, 32132, 30401, 28598, 25416, 19456, 19920, 23456, 22960, 23524, 18825, 18841, 21880, 31711, 39496, 36409, 38651, 42164, 40760, 40485, 40628, 35828, 29210, 28332, 27207, 20693, 14756, 12857, 15561, 14108, 9954, 9653, 14344, 23703, 29248, 32030, 33371, 33186, 32174, 32315, 31827, 28672, 23912, 19394, 21084, 22215, 22245, 14204, 11888, 15199, 20044, 23232, 23166, 23164, 25541, 32231, 35845, 35604, 34983, 34485, 32577, 31740, 29420, 28221, 25005, 24472, 22845, 20491, 19275, 20640, 19361, 21235, 20776, 26206, 33119, 32032, 30503, 30521, 32397, 29814, 28303, 28062, 30695, 26976, 24401, 22177, 20302, 19189, 18840, 21515, 24909, 29694, 36145, 37309, 34343, 32569, 33040, 31797, 32768, 28779, 26149, 23572, 23054, 24128, 18181, 11400, 13015, 19945, 23024, 25235, 25201, 27543, 29668, 29744, 31007, 32979, 32662, 26945, 26446, 27527, 29296, 24090, 20841, 18764, 18536, 21329, 25951, 28242, 28942, 30667, 33948, 31974, 29880, 31532, 32216, 28928, 25537, 27636, 24512, 21017, 20592, 23437, 19484, 20445, 22744, 23694, 20953, 25956, 28792, 33541, 34832, 31681, 35098, 39072, 41193, 36892, 28952, 23252, 20863, 22362, 20713, 18072, 19381, 18717, 18964, 17228, 15946, 18998, 17768, 21452, 26889, 33196, 30911, 28116, 27460, 28107, 28859, 27005, 23368, 25886, 24501, 24388, 24853, 23184, 19661, 19316, 20104, 20711, 20120, 21861, 26900, 28461, 25275, 25048, 27748, 31350, 31512, 30836, 33900, 35283, 31541, 30165, 29706, 27676, 18269, 15645, 16974, 18093, 15469, 19395, 25566, 26218, 27952, 25734, 23268, 23553, 27609, 30439, 34427, 37249, 37911, 33650, 33541, 31238, 24988, 19111, 15355, 16584, 18115, 16508, 15284, 15161, 15396, 12642, 14160, 18898, 24099, 28338, 30351, 32081, 31632, 34935, 37512, 38696, 34101, 31627, 26860, 26914, 23693, 18591, 17168, 15430, 15026, 14869, 19291, 22330, 23151, 23221, 25088, 25920, 24115, 20825, 22704, 25927, 28616, 27530, 25590, 30510, 32162, 31339, 30721, 30630, 28866, 25934, 26818, 25843, 23585, 22158, 20808, 21876, 28946, 23936, 20199, 19361, 21474, 22029, 20699, 20224, 24455, 25049, 27614, 29336, 27951, 26352, 28000, 26926, 27200, 26655, 25076, 21186, 22985, 25636, 24420, 22567, 24489, 25229, 28719, 27859, 27072, 24804, 28089, 30173, 29732, 25169, 23044, 22638, 23879, 27767, 28673, 27088, 23624, 28070, 31329, 27975, 24409, 23951, 23300, 25528, 22104, 21022, 25411, 27311, 23024, 25829, 28687, 31072, 29942, 28486, 28302, 33454, 36108, 33789, 32556, 30952, 26831, 23982, 22320, 19416, 25923, 29399, 28977, 29983, 28241, 23465, 25285, 27120, 28949, 29793, 28210, 28906, 27809, 27712, 27747, 24794, 20563, 18173, 18273, 17420, 18473, 20244, 25507, 29530, 29790, 29365, 28344, 28128, 23744, 21297, 22083, 18273, 15863, 14480, 15348, 16141, 16110, 18293, 19569, 23445, 24725, 26848, 28469, 31987, 35409, 34421, 35803, 32567, 30001, 28652, 28466, 26455, 24660, 22649, 18991, 19028, 21179, 23023, 15918, 19181, 22325, 26215, 29890, 33749, 34360, 34669, 36461, 36171, 33656, 33289, 34227, 36473, 37271, 37775, 31732, 25360, 21552, 17750, 13520, 10797, 10821, 12616, 11437, 11918, 11985, 11565, 14887, 17693, 20625, 24989, 28855, 28337, 29108, 36302, 33792, 31748, 29248, 26051, 20486, 14528, 12839, 13748, 16073, 19144, 20420, 22584, 21530, 22183, 26024, 30603, 32449, 34529, 35330, 38633, 38847, 40253, 36637, 33521, 30885, 32249, 29293, 26132, 23157, 24108, 23101, 24328, 23516, 20976, 21658, 24364, 27357, 30321, 32072, 30448, 31989, 35594, 35144, 31585, 28055, 22624, 19680, 20764, 21833, 22599, 22119, 22767, 23248, 20992, 17990, 17285, 21721, 30275, 30208, 30804, 27826, 27184, 23548, 22152, 24640, 22275, 18896, 18037, 19921, 24535, 24593, 26214, 26547, 28607, 29200, 27925, 29856, 32888, 35618, 33869, 30132, 28461, 26795, 25105, 26437, 24794, 20722, 19574, 22315, 28502, 29330, 31601, 31816, 32918, 34340, 36352, 36910, 32166, 30491, 27871, 25132, 21293, 19356, 17654, 15513, 16862, 18624, 21085, 24665, 27969, 33087, 37485, 37112, 39663, 40022, 40660, 39999, 35840, 27721, 21467, 16759, 11585, 10591, 11264, 10561, 12158, 12488, 13671, 15636, 17772, 18803, 22345, 26738, 28767, 31840, 32423, 29876, 27089, 28578, 29301, 29812, 26236, 26864, 27005, 25345, 26925, 25656, 26368, 27057, 25189, 24792, 22927, 21797, 21678, 21327, 18479, 16348, 18676, 20695, 22364, 25108, 27968, 31626, 33280, 30516, 32164, 31884, 32744, 32560, 29341, 25913, 23344, 21453, 19191, 19271, 18118, 19712, 22355, 24476, 25109, 25863, 26030, 27684, 27357, 27072, 28192, 30997, 33147, 30225, 26688, 26713, 22263, 19152, 17561, 17480, 18540, 22595, 22570, 20036, 20441, 24316, 24769, 25692, 25939, 28364, 28362, 27513, 25948, 25569, 25677, 22947, 23453, 23294, 25098, 25961, 25620, 26091, 29170, 31764, 33461, 33215, 30187, 29464, 27599, 26036, 23746, 23577, 23360, 23371, 25528, 26011, 25829, 27645, 31946, 33842, 36864, 36295, 36331, 35199, 31173, 28136, 27996, 27155, 25648, 24757, 24139, 22256, 21771, 22384, 23963, 24740, 25964, 26204, 27244, 30024, 31985, 31773, 31452, 27715, 24100, 22767, 21959, 19731, 18082, 15424, 13953, 14882, 14144, 14451, 15889, 19880, 21740, 24341, 25937, 28092, 30086, 32027, 31317, 31102, 29981, 27358, 25315, 25580, 27606, 25535, 26020, 27549, 28174, 26498, 25160, 25609, 27094, 27728, 27248, 26473, 27293, 26015, 22187, 22448, 19625, 21704, 23488, 25017, 25527, 25883, 25185, 27631, 28945, 30479, 29872, 29523, 30057, 30591, 34233, 33237, 31510, 29950, 27333, 22940, 20437, 23927, 26880, 26808, 25909, 26732, 25408, 25716, 26456, 26020, 24428, 25189, 22617, 22143, 23284, 23724, 23091, 21553, 20118, 21040, 22965, 22800, 25838, 27617, 27458, 29021, 30187, 27494, 26753, 26657, 25634, 24584, 24814, 25375, 23316, 23846, 22168, 24166, 23513, 25669, 23695, 22423, 23708, 24765, 26368, 27685, 28269, 31305, 32020, 31638, 30114, 27850, 28643, 30344, 29744, 30977, 31232, 31853, 33957, 36610, 35624, 34634, 32440, 30055, 27739, 26781, 23102, 22215, 21683, 21287, 22837, 24633, 24857, 24706, 24446, 25088, 24644, 26280, 26189, 27116, 26047, 26102, 25265, 23423, 22868, 21265, 17879, 13990, 15345, 16089, 19484, 20720, 22281, 22362, 22349, 23790, 25006, 26920, 26824, 27461, 26384, 25318, 21139, 20645, 22005, 22131, 21017, 18392, 18313, 19450, 21784, 21737, 21989, 21871, 23696, 23108, 24344, 23339, 24738, 25120, 24832, 24128, 23458, 26152, 27277, 28614, 29284, 30496, 30544, 28963, 28315, 27624, 27481, 24931, 23991, 20412, 16669, 16561, 15129, 15819, 17365, 19729, 21300, 22714, 24123, 26953, 31031, 30928, 30831, 31560, 31984, 32869, 27600, 24252, 22414, 20191, 18126, 17275, 16933, 16937, 18169, 22988, 26531, 26811, 30232, 31263, 31624, 34559, 34885, 33049, 33736, 31877, 27863, 25960, 21341, 18961, 19904, 19536, 19760, 20416, 21721, 25179, 28811, 34437, 36281, 36087, 34422, 35213, 31540, 30354, 29866, 29749, 27217, 26226, 25281, 23193, 24790, 24387, 26250, 26973, 27760, 30303, 31955, 33462, 31723, 26927, 23971, 23276, 21918, 19952, 17841, 17168, 18193, 20076, 19745, 20113, 20505, 21937, 23879, 26516, 27721, 26748, 25621, 24340, 22811, 17246, 17208, 18617, 19337, 18947, 19492, 20596, 23439, 29607, 34482, 36058, 38722, 38673, 39614, 38117, 34203, 30197, 23790, 20865, 18055, 15632, 11759, 10096, 13376, 17396, 24001, 25624, 29623, 36204, 40787, 41374, 39115, 35106, 31984, 28454, 25908, 22337, 19514, 17328, 16944, 17009, 18437, 18072, 20231, 23278, 26910, 30177, 29885, 29677, 29226, 29898, 28175, 24576, 22665, 23074, 22361, 23245, 21050, 21123, 23606, 24922, 25004, 25263, 26204, 26903, 25311, 23218, 23592, 24556, 26215, 26256, 26854, 27138, 26148, 25207, 23873, 26956, 28366, 26921, 26669, 25509, 26140, 26517, 25863, 25311, 23109, 22276, 20768, 19008, 20239, 20672, 22700, 24363, 28073, 29963, 29527, 30850, 33844, 37477, 36310, 35549, 35328, 34462, 31847, 27743, 26964, 27605, 26572, 23937, 21296, 22729, 24447, 23652, 23350, 22724, 24636, 25255, 27005, 26944, 28542, 27881, 25929, 23787, 23949, 26038, 26125, 25948, 25129, 25419, 24067, 21655, 21111, 23104, 24727, 25550, 25454, 26160, 26624, 25322, 25455, 26258, 26903, 28501, 28897, 30107, 31104, 31679, 31629, 30948, 28339, 26183, 27192, 27166, 26665, 27417, 27680, 24020, 21450, 20894, 17920, 18982, 20208, 22247, 22949, 25634, 27668, 29205, 29821, 30720, 31601, 31867, 31165, 29600, 30544, 27330, 24716, 20037, 18695, 17064, 16717, 19668, 21180, 23361, 23023, 24700, 23843, 26052, 27085, 29221, 29462, 30676, 30685, 29573, 27941, 25992, 23065, 23362, 22589, 22283, 21397, 23724, 24306, 25360, 24228, 24643, 22774, 19451, 17655, 19841, 20410, 21079, 21579, 23066, 25046, 24624, 25369, 25716, 28814, 32264, 31908, 32287, 28867, 26953, 26540, 23142, 22171, 22556, 24865, 26774, 26677, 25885, 26825, 26693, 28371, 30032, 30447, 30614, 31182, 30601, 27578, 24238, 23575, 20553, 17853, 19362, 16196, 14993, 16290, 17239, 18879, 21574, 24340, 27743, 28604, 28749, 30851, 32643, 29642, 26331, 25328, 23659, 23380, 22968, 21957, 21873, 21108, 20633, 21757, 21486, 23524, 28236, 29627, 27973, 29351, 30311, 28996, 28253, 27046, 24809, 25566, 25456, 25131, 25231, 25541, 24657, 25199, 26520, 27193, 30789, 33736, 33416, 31014, 32793, 30581, 27499, 24388, 24388, 21584, 22664, 23090, 22470, 24355, 25348, 26250, 27531, 28531, 31232, 34536, 34832, 33358, 33732, 32741, 30102, 26945, 22240, 21015, 19444, 16642, 17481, 16897, 16217, 17200, 18887, 21394, 25761, 29981, 32539, 35529, 35965, 33166, 32524, 29853, 26249, 23104, 21760, 20389, 18496, 19030, 20770, 21832, 21422, 21155, 21008, 23700, 27858, 29772, 29686, 31760, 35172, 34695, 32158, 28992, 27399, 26690, 27648, 26561, 27144, 26352, 26887, 26869, 26176, 26322, 26515, 30611, 31576, 30785, 31085, 32329, 29342, 26184, 24824, 25801, 26686, 25971, 27383, 28549, 29241, 30295, 30358, 26249, 25582, 24295, 24509, 25530, 24912, 24031, 22176, 17529, 14644, 15680, 16967, 17956, 18458, 20113, 22089, 23785, 25101, 24139, 26368, 28917, 30124, 28694, 30896, 30448, 28736, 23729, 20496, 18625, 19735, 19559, 18994, 20719, 23550, 25439, 25305, 26261, 25734, 28130, 30727, 30802, 31354, 36682, 36779, 33115, 26573, 24687, 24324, 24308, 22320, 20772, 23488, 23751, 23525, 19372, 19070, 22872, 22471, 21367, 22397, 29190, 33641, 32242, 31369, 30449, 31175, 28766, 25739, 23881, 25416, 24744, 22663, 19205, 17255, 18068, 17345, 16998, 16669, 20278, 24982, 28231, 30300, 31090, 29861, 27807, 27633, 28386, 27427, 26561, 29115, 29277, 27550, 23337, 21999, 20095, 19580, 20840, 24564, 26970, 28734, 31704, 30480, 28034, 26569, 25814, 27553, 25870, 26007, 27700, 28752, 25583, 25056, 24788, 25683, 25740, 27309, 30424, 32635, 35285, 34159, 31671, 29244, 28552, 28336, 28200, 29614, 30236, 30148, 31680, 30596, 28534, 26992, 27828, 27781, 26656, 26543, 26013, 26743, 26009, 23905, 23284, 21792, 20081, 20695, 20447, 21329, 24153, 26416, 26864, 25179, 26340, 27136, 27572, 24607, 24413, 24862, 25265, 25226, 23827, 21603, 23645, 23376, 21042, 19577, 20582, 22100, 25601, 26249, 29008, 28340, 26937, 24522, 23657, 23772, 23428, 24553, 25471, 26126, 26829, 25308, 22028, 20103, 20244, 21139, 23326, 26792, 30517, 30232, 27469, 25619, 25722, 25348, 26269, 29462, 31482, 31279, 29818, 29681, 27361, 26380, 25005, 26403, 27150, 25812, 28052, 28602, 26392, 23845, 22337, 21397, 19994, 20909, 22081, 24576, 24786, 26093, 26279, 25643, 22226, 23828, 25509, 28626, 31840, 32295, 30976, 26953, 24136, 22294, 23132, 23238, 21678, 20388, 21201, 21504, 23021, 24337, 25596, 26654, 29777, 31674, 31265, 34129, 33973, 31998, 28758, 27336, 22992, 20313, 19319, 18699, 20514, 23783, 26498, 26883, 30241, 34032, 37049, 38206, 38488, 39237, 37100, 33940, 29329, 25251, 21817, 17528, 16225, 14548, 14490, 15760, 17760, 19770, 21980, 26542, 28600, 29621, 30027, 29811, 32538, 31076, 27164, 23841, 21144, 19153, 17900, 15753, 15514, 18148, 19356, 22300, 22167, 25432, 27820, 31508, 32800, 34035, 35307, 36905, 35351, 33309, 30175, 29478, 26286, 24044, 21871, 20300, 19560, 19557, 20756, 22864, 25335, 27572, 29388, 30804, 32771, 37288, 36196, 34292, 31320, 30822, 30330, 27579, 26269, 25756, 25727, 22553, 21681, 23089, 24340, 26007, 29227, 31008, 32013, 33358, 32773, 29054, 26628, 24964, 21597, 20749, 21349, 20172, 20531, 18375, 16277, 17353, 18116, 20999, 22361, 24384, 28184, 29395, 29440, 29561, 28282, 26903, 23829, 22617, 20735, 21569, 25604, 25280, 23871, 20297, 21656, 24047, 26597, 26408, 26582, 28680, 28695, 28304, 27854, 25696, 25526, 23894, 24593, 22281, 23647, 23585, 24764, 23177, 21441, 22392, 23543, 23796, 25393, 28295, 28906, 30198, 28295, 27001, 27783, 26295, 24649, 24726, 23375, 24264, 26344, 26257, 25345, 25088, 23990, 23640, 22992, 23583, 22025, 22099, 23772, 25750, 26826, 26832, 24833, 24612, 24281, 23594, 23867, 25445, 25196, 24052, 20691, 20037, 21536, 23104, 24096, 26431, 26811, 29627, 32351, 31669, 30208, 29361, 25905, 24397, 22655, 22481, 21913, 23517, 25396, 23834, 21644, 21650, 22093, 24670, 24269, 24970, 27216, 30172, 30529, 28972, 26147, 26321, 23828, 25175, 24012, 23600, 24437, 25299, 26263, 24440, 24483, 25155, 26986, 25104, 23697, 25612, 27941, 29533, 27050, 24484, 21541, 21553, 21181, 21440, 22759, 23201, 23380, 21318, 18819, 18353, 19573, 20061, 22759, 23111, 25037, 30445, 33144, 32510, 29192, 26283, 25312, 23990, 23252, 22230, 21716, 21308, 20233, 16578, 16560, 18744, 19872, 20130, 20651, 24364, 30229, 32451, 29713, 27776, 25793, 25411, 26430, 27062, 25420, 23696, 25013, 22236, 18432, 19037, 20824, 21928, 22117, 23630, 26989, 32425, 36992, 38127, 33967, 30069, 31551, 33132, 32872, 31820, 28292, 28476, 26624, 22417, 20362, 17951, 18678, 17727, 18020, 18583, 22882, 28353, 28689, 27799, 25665, 24763, 25984, 28680, 29210, 27503, 27731, 26256, 22384, 20859, 20032, 18466, 17088, 18328, 20708, 24372, 26525, 25693, 27111, 26290, 26120, 25253, 27140, 27384, 25111, 22612, 21574, 21253, 20188, 19927, 19169, 21328, 22793, 26074, 29581, 31791, 33596, 33892, 31409, 29394, 30106, 32219, 29630, 27667, 28784, 27797, 26557, 24250, 22100, 21972, 23844, 26356, 29940, 32440, 34080, 33474, 32302, 28510, 24925, 24656, 24626, 24631, 23861, 22364, 23779, 24526, 21982, 18579, 17635, 19129, 22599, 26799, 30083, 28877, 31391, 31359, 27204, 22054, 21999, 24277, 27364, 26988, 26814, 28765, 30898, 29578, 24787, 22341, 22614, 25621, 28170, 31674, 30423, 29252, 29236, 29126, 24636, 23213, 25116, 28470, 29648, 30066, 31385, 29916, 30507, 29161, 25004, 23528, 25639, 26909, 27644, 28038, 30208, 29964, 28604, 28640, 25977, 28272, 31446, 32916, 31717, 31532, 32595, 32272, 28984, 23271, 17629, 15745, 16744, 20441, 21197, 23576, 24436, 25389, 24213, 22453, 24026, 25983, 27595, 25928, 26010, 26456, 28500, 29480, 25666, 18226, 16421, 17889, 20254, 19342, 19743, 24302, 26216, 25914, 24417, 22180, 24997, 28797, 29749, 31138, 29765, 30533, 28974, 24439, 17553, 14824, 16639, 17009, 20631, 22184, 25392, 28300, 32676, 32682, 30855, 33220, 33378, 32429, 31555, 29571, 29468, 26869, 23390, 16223, 13577, 15921, 18975, 22360, 23286, 26467, 29007, 32009, 30087, 29173, 28138, 28555, 29667, 28910, 23657, 23268, 25407, 23236, 18036, 10121, 10150, 13068, 19367, 23124, 24341, 28441, 33003, 31765, 30234, 30032, 28949, 29154, 27907, 26027, 28301, 30017, 28184, 25336, 20125, 16081, 17932, 21839, 24042, 27249, 30013, 32152, 31764, 30386, 29682, 29683, 30744, 30845, 29463, 29824, 31327, 31802, 28955, 22342, 16989, 18554, 23454, 25393, 29007, 31530, 34738, 40153, 39101, 35630, 31646, 29452, 28632, 26591, 26125, 25442, 25291, 24775, 18711, 14769, 14387, 15813, 19087, 19504, 23622, 27095, 31338, 33673, 32433, 29380, 30726, 30439, 30209, 29524, 28501, 29645, 27741, 23523, 19849, 17861, 19155, 22746, 23824, 27175, 30344, 33551, 34156, 33557, 29263, 27597, 27051, 25960, 24640, 25956, 25749, 25184, 24324, 19114, 16768, 15688, 15044, 17507, 21789, 26104, 28781, 30052, 29623, 28171, 27242, 24068, 24384, 24976, 25818, 26673, 26526, 26230, 22852, 20590, 17259, 17256, 19377, 20140, 22441, 24825, 26135, 27637, 27931, 25990, 21326, 20693, 23660, 25460, 26836, 25760, 24605, 22977, 20327, 18752, 17972, 18405, 20356, 24284, 25747, 28038, 29408, 30096, 27314, 24332, 23237, 24465, 24552, 26543, 26876, 27869, 28241, 24646, 21068, 17225, 16980, 19342, 21524, 23101, 26292, 29462, 27557, 29241, 28935, 24516, 24470, 26676, 28528, 28305, 30392, 31776, 29028, 25937, 24020, 23271, 27762, 31494, 33540, 33729, 34307, 35590, 32856, 31469, 27354, 25793, 25980, 27180, 28048, 29146, 31236, 31336, 28859, 23569, 20513, 19776, 21324, 22669, 23934, 27933, 29851, 32073, 32092, 29133, 27893, 26943, 27533, 28220, 27984, 27641, 25883, 24018, 21897, 20776, 20073, 22716, 24623, 23746, 25525, 28871, 30508, 29377, 28542, 27539, 26313, 25624, 27541, 28468, 27837, 29979, 28599, 24553, 22778, 19536, 20604, 21883, 23463, 25457, 28318, 29512, 31043, 33019, 30687, 29521, 28942, 28792, 29009, 28128, 27940, 28642, 28854, 26807, 23478, 22068, 21818, 22677, 22833, 23505, 22301, 22575, 22672, 20243, 18272, 17044, 18887, 21056, 23167, 25913, 29018, 26061, 24290, 20544, 19729, 19633, 19279, 20197, 22399, 24520, 25536, 26197, 25725, 24586, 25885, 24403, 23147, 23991, 24400, 23921, 25848, 24204, 21477, 19736, 19221, 19397, 19560, 20953, 24386, 25253, 26069, 26289, 25578, 24608, 23553, 24900, 28082, 30609, 31743, 33128, 31900, 30236, 26694, 24901, 23362, 22096, 25148, 24568, 24868, 27322, 29423, 27729, 26483, 23840, 22108, 23915, 22779, 21194, 22756, 24489, 23365, 18120, 14576, 16652, 20351, 22806, 22485, 24599, 25744, 27690, 27653, 26509, 24294, 24007, 23949, 24564, 29099, 30383, 32509, 35388, 31444, 24772, 20657, 20561, 23147, 25840, 26534, 28883, 31606, 36033, 35527, 33404, 31144, 31889, 31505, 27573, 23896, 25188, 25278, 19736, 16900, 14733, 18028, 21004, 22879, 27961, 33153, 37288, 40646, 39037, 36241, 36240, 36744, 35510, 31873, 28923, 27783, 24757, 19481, 13624, 10638, 10673, 12644, 16431, 19578, 21425, 26997, 31502, 32874, 32258, 31380, 28952, 28029, 27553, 26325, 23048, 23771, 20785, 18511, 16052, 14577, 17155, 20729, 21615, 25228, 29549, 33750, 35030, 32046, 29866, 27073, 26183, 27784, 27815, 26862, 26100, 27318, 27128, 22168, 19339, 19872, 21572, 23719, 27241, 30245, 34494, 36937, 36446, 32951, 29324, 27779, 25845, 27082, 27724, 27839, 30393, 31422, 27777, 25096, 23725, 23009, 25450, 28000, 30390, 33490, 33747, 32026, 27726, 23715, 19921, 18185, 17552, 15708, 16849, 20138, 22456, 22256, 20445, 19149, 18841, 20165, 22648, 25073, 29911, 32036, 31660, 30373, 26685, 24594, 22711, 21638, 22593, 24768, 23846, 23529, 22903, 21776, 20014, 20411, 21031, 23663, 24599, 26925, 31253, 34016, 31575, 28944, 27100, 26052, 24938, 22813, 22112, 22965, 21377, 20035, 18624, 17858, 19968, 21527, 23213, 26260, 30164, 34228, 35912, 35849, 36608, 33895, 32615, 30048, 26977, 28226, 28517, 26833, 25711, 21873, 21418, 18995, 18310, 18717, 20776, 23650, 26328, 29824, 30533, 29739, 28853, 26553, 24587, 22824, 24910, 26821, 27280, 29383, 27228, 21264, 18096, 18591, 21473, 23671, 26144, 28557, 31937, 34046, 31744, 26897, 23338, 21471, 20480, 20689, 24653, 27241, 29188, 26691, 22647, 21335, 19893, 20044, 23040, 25940, 26790, 30773, 32185, 28992, 26826, 24819, 24341, 24706, 24011, 23335, 26250, 27208, 28434, 25414, 24800, 25965, 25939, 23913, 25142, 27372, 30241, 32168, 31111, 27817, 25045, 24630, 23303, 22871, 21129, 21751, 21709, 21452, 18160, 18118, 19220, 19565, 20531, 21144, 22508, 26784, 32499, 32930, 31693, 30811, 29762, 29322, 25975, 23929, 24426, 26568, 27555, 28204, 26594, 25664, 24832, 23365, 22339, 23370, 25621, 28197, 32460, 33346, 31581, 29892, 29700, 28484, 27538, 26636, 26305, 26121, 24081, 23231, 22811, 23929, 21951, 22017, 23967, 26651, 32140, 35840, 35115, 33468, 30267, 24768, 21350, 20692, 21794, 23728, 24793, 24526, 22988, 20614, 18740, 15572, 14904, 15812, 16655, 22312, 28133, 33626, 32940, 33346, 30471, 27700, 23770, 19007, 17755, 18925, 18929, 18663, 19060, 21695, 23193, 23796, 23462, 25915, 28250, 32128, 33332, 32647, 32788, 32932, 31126, 28937, 26900, 25326, 25807, 25447, 26202, 24512, 22017, 20098, 18621, 19164, 20583, 21784, 26211, 31681, 36133, 39380, 39149, 37365, 35556, 32738, 27800, 26027, 27273, 28488, 29564, 30196, 28902, 25601, 24531, 22875, 22729, 24519, 26083, 25884, 24773, 22942, 23504, 24168, 24514, 23407, 21777, 22993, 22533, 22080, 19676, 20962, 21094, 22942, 24278, 23146, 25522, 29371, 32151, 33258, 30594, 26284, 25550, 22528, 21402, 20116, 21238, 23213, 23780, 23908, 22557, 23195, 26485, 27868, 28628, 33036, 37624, 39774, 38702, 35815, 31730, 28164, 24417, 19801, 16634, 15727, 15943, 17601, 18900, 19204, 21952, 23894, 25437, 26365, 27771, 30430, 36273, 38572, 38984, 36925, 35001, 30647, 27472, 24940, 20656, 19444, 17889, 16508, 14203, 13847, 15001, 16240, 15081, 18464, 21988, 27677, 31966, 31350, 28901, 25299, 23609, 22724, 21207, 20262, 20912, 22892, 22969, 23775, 23494, 22873, 23834, 19583, 18038, 17988, 19527, 24393, 26985, 29471, 32256, 34159, 33441, 32032, 29559, 29686, 26177, 24728, 23389, 20203, 20693, 23132, 27877, 29988, 29868, 31675, 33070, 33365, 33929, 30973, 28831, 28745, 28061, 24341, 23831, 26699, 25812, 25357, 24606, 22194, 21431, 21598, 20963, 20446, 21345, 23709, 28160, 30720, 31848, 30079, 28896, 24807, 19135, 15837, 15064, 15203, 15405, 14473, 17436, 21025, 27871, 31773, 32443, 32881, 34272, 35065, 33481, 35056, 32588, 32383, 30631, 27357, 23284, 20496, 19809, 20736, 18961, 18180, 18168, 20291, 23700, 24503, 26116, 30092, 32950, 33090, 33914, 32813, 29267, 28537, 26949, 23460, 17562, 16080, 15910, 16233, 16741, 20522, 23882, 26064, 28160, 29360, 33776, 35432, 31556, 30971, 29324, 29672, 29073, 26624, 22867, 19352, 17068, 17082, 17052, 15257, 14171, 16909, 23061, 25713, 26503, 28226, 28892, 29275, 30019, 29085, 27240, 24953, 24919, 23016, 21220, 20721, 20827, 21671, 22230, 22096, 25080, 28282, 30081, 31434, 31337, 30832, 31144, 32688, 31380, 29459, 27237, 27408, 25959, 24000, 22862, 24597, 25321, 26871, 26406, 27897, 30450, 32397, 33447, 33676, 33495, 30762, 28736, 29716, 31201, 32432, 31954, 30139, 29688, 27044, 25632, 24588, 22493, 21549, 23703, 25088, 25058, 24264, 22808, 24663, 27360, 30144, 29715, 26483, 22791, 19617, 19264, 19063, 18601, 17613, 17022, 17302, 18041, 20659, 22223, 22480, 23056, 25712, 26129, 29099, 30432, 29248, 30881, 32532, 29823, 30214, 26783, 23359, 20480, 20896, 19729, 19924, 18606, 19972, 24724, 26484, 28804, 31302, 33537, 32915, 33220, 31624, 32188, 29398, 25398, 23928, 23303, 21793, 21152, 21549, 23808, 28085, 29563, 30872, 34288, 31708, 33216, 32087, 29236, 29155, 29087, 29773, 28959, 26139, 28182, 28431, 27286, 25110, 23060, 18803, 16644, 16464, 16039, 15629, 17613, 22673, 25164, 24704, 24800, 24730, 24965, 24323, 23338, 21547, 23552, 24564, 24554, 23128, 20480, 20145, 24362, 26323, 25360, 24384, 25380, 25574, 24222, 27099, 28319, 32420, 35299, 33208, 30537, 29114, 27152, 24792, 22611, 18737, 18277, 18719, 19360, 20529, 23898, 30363, 34611, 34840, 35811, 35337, 36666, 34310, 32666, 29883, 29728, 28172, 26292, 22531, 17557, 18829, 19684, 19909, 20289, 18013, 18604, 19947, 24101, 25776, 27026, 28782, 27050, 27589, 25228, 21437, 21249, 21930, 19941, 16085, 15479, 16851, 19704, 19804, 19385, 19801, 22333, 24214, 23258, 24535, 26151, 28067, 25498, 24296, 21789, 24262, 27412, 25860, 24777, 24651, 25349, 25119, 25051, 25473, 26081, 28005, 30058, 25430, 24481, 24049, 26828, 29696, 29252, 29117, 28970, 29373, 28100, 26595, 25735, 24276, 24748, 24605, 24631, 29184, 30583, 33552, 33496, 34538, 33920, 33305, 32164, 31534, 28561, 27543, 24886, 19301, 17881, 15196, 15321, 14315, 15095, 16219, 20112, 23361, 26303, 28057, 27438, 27632, 27431, 29249, 28238, 25862, 24684, 24917, 23516, 22463, 19649, 19543, 19001, 18920, 20036, 21334, 24258, 29563, 33224, 32718, 34536, 34501, 35938, 36437, 33527, 31769, 31870, 27665, 24080, 21399, 20544, 20487, 21527, 24801, 29172, 32895, 35839, 34559, 34305, 32861, 32554, 32663, 31256, 31937, 31752, 30196, 30747, 29488, 27137, 23373, 19572, 16419, 17009, 16783, 17821, 18039, 21245, 25875, 28142, 25784, 23844, 24185, 25604, 25983, 24284, 22859, 20867, 17500, 13676, 15567, 16560, 19419, 19257, 23253, 24876, 25450, 27547, 26812, 24313, 27637, 28014, 26676, 27968, 29086, 30739, 30395, 28789, 26737, 24736, 20231, 20858, 22640, 22392, 25163, 28333, 28761, 31955, 31677, 31876, 30851, 29490, 29231, 29545, 30773, 29997, 26876, 23664, 22354, 22358, 22496, 27752, 30774, 33293, 32796, 33320, 32063, 28448, 28243, 28975, 27038, 22989, 23101, 19971, 21446, 21000, 21360, 18756, 13122, 15586, 19307, 23096, 23752, 24452, 26572, 28535, 27662, 25448, 26810, 27712, 27290, 26252, 27002, 24611, 20876, 18744, 19393, 16195, 17330, 17627, 21471, 25476, 28504, 31036, 34998, 34464, 33037, 33575, 32287, 31438, 31412, 30408, 29018, 22148, 22996, 22836, 18796, 18564, 20687, 23516, 24292, 26796, 31360, 31141, 26844, 29266, 35054, 34621, 34615, 34886, 30830, 35438, 32635, 31467, 24652, 21123, 22080, 20448, 22275, 25372, 25587, 29326, 32233, 31212, 29339, 27047, 24820, 20449, 21293, 23351, 19955, 23019, 23182, 23449, 23376, 24259, 26906, 28322, 27181, 29977, 28120, 26296, 27997, 25036, 26383, 28034, 30499, 34228, 27820, 24834, 25091, 24632, 25695, 23552, 19762, 18128, 21520, 25926, 28921, 30347, 30834, 30274, 32005, 29512, 29773, 29787, 26021, 23898, 21776, 24041, 26935, 25574, 24369, 24687, 26261, 27865, 34247, 37330, 34818, 32406, 33412, 29728, 25404, 27796, 30220, 27682, 24375, 23775, 20405, 16824, 12864, 12532, 10013, 10329, 12749, 17257, 22341, 24313, 28604, 30464, 26551, 21568, 17613, 16832, 16345, 17068, 20225, 20569, 23440, 23756, 20373, 19956, 20276, 22208, 22888, 24979, 25558, 28737, 29806, 27097, 23471, 20517, 23257, 21945, 24009, 24370, 26195, 26518, 26715, 26359, 25001, 26177, 28884, 29702, 30956, 31016, 29262, 29089, 28126, 25624, 25709, 27243, 27024, 28849, 30138, 30014, 29068, 30384, 30615, 27456, 27182, 24136, 23351, 24648, 24777, 21793, 20984, 22844, 23244, 20495, 21058, 24086, 24911, 24337, 21639, 21213, 24022, 28069, 28709, 28285, 28334, 30120, 29837, 27681, 25019, 25706, 25138, 23377, 21404, 25208, 29913, 30853, 27770, 25078, 21908, 21612, 25435, 26027, 26540, 25924, 26532, 26372, 26318, 28173, 30739, 30156, 28307, 26044, 25042, 25165, 23561, 24832, 29219, 30166, 30776, 30363, 28391, 26907, 25455, 26596, 28078, 27516, 26911, 25208, 25154, 26563, 26188, 25562, 25543, 24816, 24596, 24483, 24471, 26072, 26068, 22670, 21200, 20305, 21668, 22477, 20480, 16493, 15958, 14992, 18768, 20150, 19724, 18946, 21373, 23195, 27584, 29697, 30816, 29703, 28684, 26592, 22927, 23717, 25271, 25294, 24705, 25388, 25287, 24498, 26567, 26770, 25737, 26441, 28674, 28797, 26712, 27049, 30629, 32407, 32805, 31384, 30704, 30042, 31553, 33195, 31257, 26589, 26965, 29143, 29109, 30787, 32073, 33899, 31788, 31127, 31590, 31547, 28858, 25253, 22352, 19642, 20362, 20360, 18445, 18944, 20317, 19587, 20096, 19449, 19484, 19558, 22299, 22834, 23424, 21316, 23365, 24623, 24492, 23743, 22143, 21312, 20903, 21457, 22068, 21083, 19662, 20999, 23892, 24768, 26604, 28980, 29166, 29689, 28287, 27734, 28412, 26354, 24919, 27223, 24396, 26209, 28026, 27596, 28540, 27142, 27556, 29264, 30319, 29084, 27156, 24775, 25002, 26305, 29216, 29553, 29580, 29876, 31611, 31264, 28690, 30065, 29486, 30376, 27588, 24555, 23168, 23836, 25982, 24695, 25883, 24596, 23429, 26449, 25757, 28888, 27028, 25655, 23969, 22260, 21081, 21613, 20522, 20432, 20646, 20894, 22456, 23078, 24420, 24541, 26322, 27060, 26287, 27434, 26124, 26816, 25451, 25056, 24520, 22929, 25233, 24841, 25593, 27176, 27814, 27448, 28212, 26201, 27140, 26604, 23399, 25133, 28948, 29959, 30576, 31041, 31655, 28101, 26456, 25303, 26512, 26626, 26452, 26343, 26751, 27267, 29648, 30186, 29629, 31897, 31569, 32072, 31606, 29793, 28051, 27926, 24466, 22250, 22388, 22438, 21389, 22838, 20026, 20177, 22244, 20879, 21599, 23374, 20891, 23335, 25454, 26352, 25329, 24442, 25612, 25015, 21301, 21312, 21304, 22485, 24468, 26121, 23888, 22200, 21923, 23603, 23092, 22796, 24468, 23977, 24552, 24207, 22851, 23969, 24356, 25072, 24942, 26053, 28807, 24756, 23746, 22433, 22406, 22948, 22537, 22448, 24358, 25704, 28143, 27632, 26572, 29660, 30873, 33023, 33070, 32380, 34525, 34108, 32191, 29330, 25434, 19973, 18228, 18907, 19593, 22540, 23436, 23235, 22612, 23155, 24535, 23271, 20844, 19183, 17663, 17072, 18909, 19596, 17199, 14629, 15669, 17293, 18870, 24597, 29043, 31798, 30428, 28340, 24900, 24532, 21656, 23232, 23168, 20526, 21092, 23146, 24496, 25893, 26224, 25323, 24664, 27313, 28247, 30305, 30822, 29492, 32856, 35572, 34685, 32691, 32978, 35551, 35616, 37839, 37509, 33734, 27058, 18558, 16396, 18568, 25172, 30428, 34591, 35093, 31805, 28748, 27006, 29709, 32381, 32336, 30647, 29607, 26223, 21649, 14813, 13840, 11559, 13092, 12679, 15921, 20396, 24010, 26881, 28332, 30043, 31048, 28858, 26378, 26718, 23543, 22991, 24597, 24439, 24211, 22664, 23420, 24596, 24138, 23593, 24433, 27075, 29383, 29354, 26005, 26868, 28274, 29650, 31161, 28008, 29942, 30083, 30826, 28342, 28834, 27178, 26493, 26864, 24741, 21909, 23370, 28415, 29569, 31127, 33988, 35164, 37877, 35885, 35020, 32996, 30400, 29002, 27626, 25353, 22485, 21666, 17785, 17633, 17670, 22392, 23943, 26639, 25525, 24408, 24000, 26068, 20953, 17361, 15093, 15159, 19013, 22019, 22416, 20692, 19873, 20086, 18915, 21620, 22016, 24790, 25252, 25329, 24318, 22028, 21716, 22749, 22300, 24524, 26661, 28000, 28804, 24279, 22622, 20783, 20813, 22050, 23054, 25463, 24928, 27780, 28497, 27684, 30025, 30234, 31385, 30945, 27919, 26727, 26453, 26353, 28001, 25365, 26019, 28885, 30074, 28829, 28930, 31589, 33792, 35865, 37130, 36141, 32657, 27495, 27528, 28797, 22873, 20127, 20017, 21317, 20032, 18619, 21975, 21589, 21168, 20855, 23383, 27597, 29356, 28469, 28908, 29184, 26897, 22913, 24001, 24541, 24832, 23845, 28594, 28460, 25365, 22764, 23552, 21876, 18240, 19279, 19785, 21867, 24880, 26875, 28988, 28845, 29064, 29210, 34480, 31540, 31837, 34510, 32534, 32266, 28497, 27203, 22914, 18558, 18517, 21862, 25544, 24586, 26545, 31297, 33118, 30630, 30625, 34393, 34272, 32432, 31636, 29120, 26125, 23607, 24456, 23216, 20935, 19120, 16497, 20549, 21893, 22514, 23476, 20144, 18979, 17511, 18432, 20599, 21220, 20231, 21956, 22220, 23664, 24044, 21964, 20357, 21983, 24354, 23541, 24631, 26900, 28804, 27404, 26468, 25792, 23239, 22616, 23211, 23773, 24020, 25472, 26992, 25620, 26399, 26068, 26308, 26826, 27401, 29760, 30774, 28672, 29927, 30422, 29794, 27864, 25824, 22868, 24818, 26435, 29227, 27687, 27496, 26916, 29184, 28561, 30547, 29543, 30700, 30784, 30007, 26713, 24837, 23072, 22950, 23901, 19831, 18892, 19570, 20800, 23232, 22870, 22721, 18856, 17289, 18833, 20286, 22359, 23141, 25853, 29192, 28678, 29012, 27165, 24121, 27136, 26464, 29126, 32989, 30184, 27680, 24348, 22740, 22434, 21765, 19273, 19456, 21399, 21362, 25748, 27030, 27996, 23975, 22478, 27394, 29096, 26773, 23728, 27821, 28789, 32624, 30363, 31954, 32786, 28490, 31663, 33532, 30794, 27820, 23943, 22402, 21789, 22376, 22145, 24232, 29000, 28749, 32728, 35941, 36772, 36625, 30701, 26099, 25665, 25344, 25732, 23576, 21588, 19502, 16809, 17201, 19459, 19132, 19257, 24329, 28751, 26690, 26271, 27808, 29694, 28060, 26196, 22255, 21577, 23940, 26464, 26890, 26037, 26082, 26066, 29260, 27864, 25589, 24790, 26041, 27242, 24768, 22452, 21326, 19581, 19190, 16347, 17408, 20831, 27559, 31379, 29936, 31585, 31980, 31654, 29652, 29666, 28853, 27984, 31373, 33672, 30931, 27374, 26896, 26627, 26231, 26871, 27467, 28459, 30356, 30449, 30362, 27139, 26101, 24946, 25225, 24696, 26025, 26413, 27637, 26641, 22461, 19540, 17980, 17891, 19029, 20248, 21867, 23391, 24926, 24693, 26994, 29377, 30112, 30739, 31587, 29076, 27535, 24700, 23139, 26021, 22677, 19049, 19185, 18259, 15767, 18288, 20377, 22897, 27116, 26918, 25422, 22154, 19348, 22325, 23852, 21188, 18819, 18643, 20329, 24407, 25271, 23955, 23963, 29592, 30315, 29996, 30259, 31811, 33259, 31868, 29409, 25779, 24920, 25949, 25325, 28017, 25482, 26699, 25614, 26956, 24437, 23872, 27532, 25701, 25912, 23781, 22502, 22764, 24039, 26377, 25309, 22266, 22477, 25452, 29135, 26688, 24158, 22185, 22754, 23744, 24093, 24585, 27484, 29656, 31815, 32464, 30832, 29123, 28343, 29931, 25577, 22340, 20144, 21671, 23630, 22471, 22989, 23682, 25028, 22285, 22664, 24819, 27282, 29416, 30957, 27981, 27106, 27452, 27639, 28460, 29786, 32402, 32973, 32386, 36356, 35097, 31445, 29140, 26049, 24401, 22477, 23179, 24180, 24833, 27728, 24411, 22967, 24397, 26904, 27898, 30536, 28786, 26909, 25740, 24985, 22265, 21766, 20346, 18382, 16819, 19382, 21184, 21890, 26751, 25859, 23740, 26878, 27392, 27077, 28892, 29173, 24145, 24272, 21130, 21868, 20663, 21551, 24264, 24551, 24716, 28861, 30768, 31939, 28672, 27536, 27361, 25334, 23726, 21393, 22376, 24862, 28990, 27833, 28693, 25851, 28754, 32732, 32580, 32294, 32583, 32081, 32521, 29198, 25600, 24385, 23678, 21929, 21965, 22681, 22294, 21720, 23015, 20391, 17556, 19192, 21731, 22001, 18919, 16939, 20639, 22912, 26545, 28800, 27258, 25290, 25177, 27648, 26759, 24312, 20419, 15645, 16285, 15268, 14447, 14901, 16608, 21908, 23186, 26978, 29342, 31465, 33910, 34109, 29577, 24916, 27532, 26402, 23584, 20480, 19756, 19858, 21176, 20244, 18449, 18141, 20194, 24732, 25575, 30364, 31164, 35927, 35174, 37284, 33496, 29778, 28760, 30640, 32048, 32431, 35161, 37992, 39415, 39096, 34228, 30498, 27038, 24786, 23423, 21224, 19036, 16997, 20896, 22991, 23417, 22789, 25948, 32884, 33115, 31997, 29298, 25889, 26897, 24927, 20963, 17432, 15401, 17142, 20664, 22622, 21302, 20167, 20807, 19812, 20740, 21374, 22580, 23813, 23007, 24632, 23132, 23449, 26296, 26675, 27888, 27696, 25560, 25465, 29488, 29540, 23308, 16901, 16639, 19916, 19565, 20493, 21425, 24964, 27626, 29223, 27858, 29544, 31909, 36666, 38369, 38242, 36646, 33051, 32961, 31600, 28487, 26259, 26402, 24896, 22839, 21781, 24703, 25026, 24450, 22316, 24262, 22636, 21423, 22528, 25280, 25940, 27569, 30511, 32144, 32574, 31937, 31306, 31376, 27648, 27072, 22796, 20210, 16227, 15461, 17819, 18481, 18692, 18880, 22304, 26851, 28793, 30636, 30349, 29215, 27944, 25855, 27069, 28412, 28555, 27804, 27938, 25713, 23270, 21387, 20485, 23318, 24103, 23047, 23792, 22664, 22950, 20316, 19989, 18889, 18661, 19101, 19679, 26768, 34358, 37669, 39569, 38810, 37132, 31210, 26957, 25068, 18691, 11977, 11170, 11312, 14758, 15644, 20431, 27413, 33885, 35156, 34400, 32536, 27923, 29140, 28315, 26064, 23473, 25178, 29803, 33794, 34354, 33280, 30908, 30190, 27648, 22307, 18022, 17516, 18157, 19035, 20791, 23839, 26190, 28005, 29285, 29393, 27780, 27179, 27635, 28804, 30671, 29322, 27067, 26976, 25616, 26348, 25089, 20736, 16431, 18880, 21575, 24585, 24969, 27732, 28874, 30007, 29253, 29709, 29136, 30694, 31765, 32938, 32108, 30983, 32600, 35242, 35499, 34103, 32326, 32563, 27683, 23184, 19996, 17344, 15261, 16130, 17516, 13633, 16759, 21152, 25532, 29209, 31242, 31553, 32049, 32374, 32488, 27086, 26308, 25743, 23628, 20752, 19783, 15334, 14021, 17648, 19926, 18097, 18525, 20312, 21136, 21515, 21991, 22176, 25725, 30604, 31112, 29860, 30512, 31089, 30880, 29363, 26084, 24031, 25500, 26858, 23220, 22587, 22396, 24927, 24792, 26723, 25429, 25908, 31032, 33081, 33138, 34927, 35498, 32832, 31217, 30320, 26875, 23916, 24580, 26267, 28840, 30011, 25293, 24624, 25060, 25047, 22151, 19421, 19155, 21022, 24455, 24968, 21506, 19168, 21015, 22835, 24051, 27001, 28608, 29311, 29974, 31453, 28070, 25220, 23656, 22018, 19824, 18240, 17711, 16615, 18034, 19308, 24264, 25562, 24885, 25208, 23189, 23644, 28243, 31463, 34089, 35015, 32242, 29970, 28621, 29773, 25206, 20391, 19576, 20443, 25293, 28161, 28849, 26312, 24853, 26053, 27098, 30151, 30052, 32651, 34635, 35481, 39337, 37958, 37349, 32778, 28593, 25561, 23773, 21913, 19180, 14429, 13598, 15977, 18740, 21656, 23969, 27916, 30594, 31815, 30740, 27465, 25216, 23314, 21005, 20485, 21657, 19392, 18763, 21457, 25453, 27824, 30385, 30805, 28021, 22506, 20860, 18928, 16989, 14924, 13207, 15515, 20877, 22061, 23271, 20853, 20649, 24932, 31219, 30823, 25965, 24176, 27217, 27319, 23861, 22624, 20881, 22636, 22364, 22474, 20747, 22681, 27007, 30909, 32391, 31994, 35688, 35556, 37427, 37378, 35297, 33503, 31156, 28999, 25162, 23249, 21545, 21574, 23696, 25045, 23763, 19972, 17220, 18992, 25588, 26646, 23848, 20646, 26805, 34928, 31652, 27348, 25654, 23928, 23916, 25312, 26304, 22400, 22313, 23714, 22292, 18030, 16461, 18889, 22398, 24180, 24725, 24776, 24674, 26839, 27524, 26340, 23136, 22716, 28077, 29659, 27486, 25363, 25100, 22977, 22306, 23663, 25538, 24629, 27405, 26797, 26141, 26209, 28311, 26817, 23470, 24435, 30808, 33217, 31960, 29600, 27652, 31264, 34167, 35424, 31059, 26361, 25532, 26239, 25125, 21801, 21044, 20526, 22863, 23239, 22837, 24005, 25289, 27171, 30077, 31360, 26389, 21128, 22791, 21149, 23830, 23530, 21476, 21189, 23463, 26262, 25573, 27012, 26479, 23399, 22142, 23559, 20349, 20205, 21453, 21007, 22044, 25537, 27257, 28163, 34924, 35328, 34874, 32626, 30318, 26169, 25223, 24073, 27825, 29658, 28732, 32382, 34460, 34083, 31418, 29713, 26137, 26024, 28059, 28090, 26328, 29121, 34056, 35372, 30644, 26717, 21914, 18571, 15973, 15996, 16637, 16836, 19224, 21680, 22973, 23744, 21544, 18072, 15876, 15432, 17932, 20928, 21793, 22264, 26647, 26508, 25472, 25100, 24632, 25927, 30684, 31290, 27949, 23793, 22607, 20096, 18115, 22467, 26641, 29210, 33193, 33445, 31064, 27937, 25998, 20985, 17092, 14357, 19008, 19840, 24018, 25364, 25805, 25849, 28042, 29394, 27540, 24670, 22404, 24273, 24223, 22913, 24805, 24828, 25117, 31580, 34646, 32998, 29547, 27264, 27577, 31401, 29834, 25845, 22066, 24194, 28390, 30499, 28138, 23391, 21473, 17996, 20727, 21716, 20381, 21482, 24920, 29433, 30902, 32149, 30294, 28865, 28886, 25840, 22652, 20703, 21771, 23185, 27048, 25626, 22451, 22633, 24302, 26247, 23855, 23325, 23655, 23905, 20842, 19052, 22029, 23718, 23862, 25565, 27220, 25163, 27827, 28644, 27109, 28016, 30628, 27328, 23380, 21416, 21105, 21760, 25056, 25557, 28089, 32028, 36290, 33104, 35874, 35011, 33383, 32024, 28649, 22754, 21363, 23215, 27172, 27704, 24909, 25958, 27136, 24927, 21589, 17168, 19351, 21248, 19447, 21604, 23401, 22855, 21777, 23452, 23793, 25992, 25433, 23975, 25380, 28672, 29774, 25517, 23617, 21921, 26129, 30490, 29314, 27830, 28186, 28122, 27085, 28065, 26924, 24167, 21810, 22544, 24018, 21320, 17743, 17873, 19264, 22279, 27648, 28015, 25449, 26599, 24335, 24922, 23232, 19520, 21118, 23945, 25913, 30144, 31382, 30557, 26949, 31744, 31333, 30837, 31498, 29737, 29048, 27423, 28962, 29897, 30752, 32722, 32038, 33935, 30282, 23926, 19928, 16451, 16781, 19532, 20810, 24391, 28380, 29387, 26488, 24758, 25492, 25385, 22060, 20227, 18097, 18055, 19970, 23270, 24248, 28501, 28216, 32522, 35578, 31487, 24040, 21581, 21700, 18553, 18907, 17044, 16793, 17838, 21813, 22273, 20754, 19073, 18003, 18525, 21633, 22888, 23792, 23049, 26806, 26976, 29220, 32099, 34755, 37977, 33489, 31195, 29120, 30310, 31431, 33585, 32564, 25970, 24972, 27309, 28501, 27936, 22982, 17936, 19281, 22785, 22196, 21558, 21106, 26665, 31802, 33101, 29113, 23143, 17888, 17786, 20236, 21386, 19017, 14971, 15984, 20691, 24860, 28382, 29024, 24529, 21927, 23608, 28457, 32422, 33002, 27400, 26170, 27336, 28214, 30003, 27295, 26056, 25054, 24066, 23180, 24210, 25198, 24564, 25307, 30611, 30910, 27257, 26504, 30013, 30009, 28279, 24595, 25607, 23340, 22339, 19413, 22024, 29562, 35263, 36474, 34602, 35014, 36310, 35534, 35270, 33834, 31414, 29285, 26892, 27409, 27757, 25882, 26629, 26246, 26375, 28625, 25587, 25349, 25317, 24463, 24492, 22855, 23598, 21648, 24041, 23399, 26712, 27374, 26674, 26641, 27224, 27993, 28532, 28713, 29128, 31265, 28130, 22889, 23616, 25536, 24672, 21792, 22357, 21078, 21278, 22161, 24917, 23672, 22092, 19257, 18676, 15797, 14892, 17029, 20844, 21467, 19712, 18884, 20396, 25926, 24447, 25197, 28557, 33632, 33136, 33307, 34660, 33694, 35951, 33683, 28542, 21382, 19525, 21900, 24160, 27292, 29186, 27175, 23920, 26397, 27828, 26593, 24232, 22207, 16055, 18005, 20410, 21432, 22251, 22620, 23708, 24765, 26180, 23965, 24236, 22977, 23076, 22004, 21837, 22721, 20769, 18453, 21364, 22396, 26727, 27691, 25997, 28286, 34447
};

float clean[32000]={};


/* DUAL_CORE_BOOT_SYNC_SEQUENCE: Define for dual core boot synchronization    */
/*                             demonstration code based on hardware semaphore */
/* This define is present in both CM7/CM4 projects                            */
/* To comment when developping/debugging on a single core                     */
//#define DUAL_CORE_BOOT_SYNC_SEQUENCE

#if defined(DUAL_CORE_BOOT_SYNC_SEQUENCE)
#ifndef HSEM_ID_0
#define HSEM_ID_0 (0U) /* HW semaphore 0*/
#endif
#endif /* DUAL_CORE_BOOT_SYNC_SEQUENCE */

/* USER CODE END PD */

/* Private macro -------------------------------------------------------------*/
/* USER CODE BEGIN PM */

/* USER CODE END PM */

/* Private variables ---------------------------------------------------------*/
ADC_HandleTypeDef hadc1;
DMA_HandleTypeDef hdma_adc1;

TIM_HandleTypeDef htim6;

UART_HandleTypeDef huart3;

/* USER CODE BEGIN PV */

/* USER CODE END PV */

/* Private function prototypes -----------------------------------------------*/
void SystemClock_Config(void);
static void MX_GPIO_Init(void);
static void MX_DMA_Init(void);
static void MX_ADC1_Init(void);
static void MX_TIM6_Init(void);
static void MX_USART3_UART_Init(void);
/* USER CODE BEGIN PFP */

/* USER CODE END PFP */

/* Private user code ---------------------------------------------------------*/
/* USER CODE BEGIN 0 */

/* USER CODE END 0 */

/**
  * @brief  The application entry point.
  * @retval int
  */
int main(void)
{

  /* USER CODE BEGIN 1 */

  /* USER CODE END 1 */
/* USER CODE BEGIN Boot_Mode_Sequence_0 */
#if defined(DUAL_CORE_BOOT_SYNC_SEQUENCE)
  int32_t timeout;
#endif /* DUAL_CORE_BOOT_SYNC_SEQUENCE */
/* USER CODE END Boot_Mode_Sequence_0 */

/* USER CODE BEGIN Boot_Mode_Sequence_1 */
#if defined(DUAL_CORE_BOOT_SYNC_SEQUENCE)
  /* Wait until CPU2 boots and enters in stop mode or timeout*/
  timeout = 0xFFFF;
  while((__HAL_RCC_GET_FLAG(RCC_FLAG_D2CKRDY) != RESET) && (timeout-- > 0));
  if ( timeout < 0 )
  {
  Error_Handler();
  }
#endif /* DUAL_CORE_BOOT_SYNC_SEQUENCE */
/* USER CODE END Boot_Mode_Sequence_1 */
  /* MCU Configuration--------------------------------------------------------*/

  /* Reset of all peripherals, Initializes the Flash interface and the Systick. */
  HAL_Init();

  /* USER CODE BEGIN Init */

  /* USER CODE END Init */

  /* Configure the system clock */
  SystemClock_Config();
/* USER CODE BEGIN Boot_Mode_Sequence_2 */
#if defined(DUAL_CORE_BOOT_SYNC_SEQUENCE)
/* When system initialization is finished, Cortex-M7 will release Cortex-M4 by means of
HSEM notification */
/*HW semaphore Clock enable*/
__HAL_RCC_HSEM_CLK_ENABLE();
/*Take HSEM */
HAL_HSEM_FastTake(HSEM_ID_0);
/*Release HSEM in order to notify the CPU2(CM4)*/
HAL_HSEM_Release(HSEM_ID_0,0);
/* wait until CPU2 wakes up from stop mode */
timeout = 0xFFFF;
while((__HAL_RCC_GET_FLAG(RCC_FLAG_D2CKRDY) == RESET) && (timeout-- > 0));
if ( timeout < 0 )
{
Error_Handler();
}
#endif /* DUAL_CORE_BOOT_SYNC_SEQUENCE */
/* USER CODE END Boot_Mode_Sequence_2 */

  /* USER CODE BEGIN SysInit */

  /* USER CODE END SysInit */

  /* Initialize all configured peripherals */
  MX_GPIO_Init();
  MX_DMA_Init();
  MX_ADC1_Init();
  MX_TIM6_Init();
  MX_USART3_UART_Init();
  /* USER CODE BEGIN 2 */

  /* USER CODE END 2 */

  /* Infinite loop */
  /* USER CODE BEGIN WHILE */
  while (1)
  {
	  switch(devState){
	  	  case IDLE:

	  		  HAL_GPIO_WritePin(LED_ROJO_GPIO_Port, LED_ROJO_Pin, 0);
	  		  HAL_GPIO_WritePin(LED_AMARILLO_GPIO_Port, LED_AMARILLO_Pin, 0);
	  		  HAL_GPIO_WritePin(LED_VERDE_GPIO_Port, LED_VERDE_Pin, 1);

				break;

	  	  case MEASURE:
	  		  HAL_GPIO_WritePin(LED_ROJO_GPIO_Port, LED_ROJO_Pin, 1);

	  		  mandarDatos(samples, 32000);


			  break;

	  	  default:
	  		  break;

	  }

    /* USER CODE END WHILE */

    /* USER CODE BEGIN 3 */
  }
  /* USER CODE END 3 */
}

/**
  * @brief System Clock Configuration
  * @retval None
  */
void SystemClock_Config(void)
{
  RCC_OscInitTypeDef RCC_OscInitStruct = {0};
  RCC_ClkInitTypeDef RCC_ClkInitStruct = {0};

  /** Supply configuration update enable
  */
  HAL_PWREx_ConfigSupply(PWR_DIRECT_SMPS_SUPPLY);

  /** Configure the main internal regulator output voltage
  */
  __HAL_PWR_VOLTAGESCALING_CONFIG(PWR_REGULATOR_VOLTAGE_SCALE3);

  while(!__HAL_PWR_GET_FLAG(PWR_FLAG_VOSRDY)) {}

  /** Initializes the RCC Oscillators according to the specified parameters
  * in the RCC_OscInitTypeDef structure.
  */
  RCC_OscInitStruct.OscillatorType = RCC_OSCILLATORTYPE_HSI;
  RCC_OscInitStruct.HSIState = RCC_HSI_DIV1;
  RCC_OscInitStruct.HSICalibrationValue = RCC_HSICALIBRATION_DEFAULT;
  RCC_OscInitStruct.PLL.PLLState = RCC_PLL_ON;
  RCC_OscInitStruct.PLL.PLLSource = RCC_PLLSOURCE_HSI;
  RCC_OscInitStruct.PLL.PLLM = 4;
  RCC_OscInitStruct.PLL.PLLN = 22;
  RCC_OscInitStruct.PLL.PLLP = 2;
  RCC_OscInitStruct.PLL.PLLQ = 5;
  RCC_OscInitStruct.PLL.PLLR = 2;
  RCC_OscInitStruct.PLL.PLLRGE = RCC_PLL1VCIRANGE_3;
  RCC_OscInitStruct.PLL.PLLVCOSEL = RCC_PLL1VCOWIDE;
  RCC_OscInitStruct.PLL.PLLFRACN = 4096;
  if (HAL_RCC_OscConfig(&RCC_OscInitStruct) != HAL_OK)
  {
    Error_Handler();
  }

  /** Initializes the CPU, AHB and APB buses clocks
  */
  RCC_ClkInitStruct.ClockType = RCC_CLOCKTYPE_HCLK|RCC_CLOCKTYPE_SYSCLK
                              |RCC_CLOCKTYPE_PCLK1|RCC_CLOCKTYPE_PCLK2
                              |RCC_CLOCKTYPE_D3PCLK1|RCC_CLOCKTYPE_D1PCLK1;
  RCC_ClkInitStruct.SYSCLKSource = RCC_SYSCLKSOURCE_PLLCLK;
  RCC_ClkInitStruct.SYSCLKDivider = RCC_SYSCLK_DIV1;
  RCC_ClkInitStruct.AHBCLKDivider = RCC_HCLK_DIV1;
  RCC_ClkInitStruct.APB3CLKDivider = RCC_APB3_DIV2;
  RCC_ClkInitStruct.APB1CLKDivider = RCC_APB1_DIV4;
  RCC_ClkInitStruct.APB2CLKDivider = RCC_APB2_DIV2;
  RCC_ClkInitStruct.APB4CLKDivider = RCC_APB4_DIV2;

  if (HAL_RCC_ClockConfig(&RCC_ClkInitStruct, FLASH_LATENCY_3) != HAL_OK)
  {
    Error_Handler();
  }
}

/**
  * @brief ADC1 Initialization Function
  * @param None
  * @retval None
  */
static void MX_ADC1_Init(void)
{

  /* USER CODE BEGIN ADC1_Init 0 */

  /* USER CODE END ADC1_Init 0 */

  ADC_MultiModeTypeDef multimode = {0};
  ADC_ChannelConfTypeDef sConfig = {0};

  /* USER CODE BEGIN ADC1_Init 1 */

  /* USER CODE END ADC1_Init 1 */

  /** Common config
  */
  hadc1.Instance = ADC1;
  hadc1.Init.ClockPrescaler = ADC_CLOCK_ASYNC_DIV2;
  hadc1.Init.Resolution = ADC_RESOLUTION_16B;
  hadc1.Init.ScanConvMode = ADC_SCAN_DISABLE;
  hadc1.Init.EOCSelection = ADC_EOC_SINGLE_CONV;
  hadc1.Init.LowPowerAutoWait = DISABLE;
  hadc1.Init.ContinuousConvMode = DISABLE;
  hadc1.Init.NbrOfConversion = 1;
  hadc1.Init.DiscontinuousConvMode = DISABLE;
  hadc1.Init.ExternalTrigConv = ADC_EXTERNALTRIG_T6_TRGO;
  hadc1.Init.ExternalTrigConvEdge = ADC_EXTERNALTRIGCONVEDGE_RISING;
  hadc1.Init.ConversionDataManagement = ADC_CONVERSIONDATA_DMA_ONESHOT;
  hadc1.Init.Overrun = ADC_OVR_DATA_PRESERVED;
  hadc1.Init.LeftBitShift = ADC_LEFTBITSHIFT_NONE;
  hadc1.Init.OversamplingMode = DISABLE;
  hadc1.Init.Oversampling.Ratio = 1;
  if (HAL_ADC_Init(&hadc1) != HAL_OK)
  {
    Error_Handler();
  }

  /** Configure the ADC multi-mode
  */
  multimode.Mode = ADC_MODE_INDEPENDENT;
  if (HAL_ADCEx_MultiModeConfigChannel(&hadc1, &multimode) != HAL_OK)
  {
    Error_Handler();
  }

  /** Configure Regular Channel
  */
  sConfig.Channel = ADC_CHANNEL_15;
  sConfig.Rank = ADC_REGULAR_RANK_1;
  sConfig.SamplingTime = ADC_SAMPLETIME_32CYCLES_5;
  sConfig.SingleDiff = ADC_SINGLE_ENDED;
  sConfig.OffsetNumber = ADC_OFFSET_NONE;
  sConfig.Offset = 0;
  sConfig.OffsetSignedSaturation = DISABLE;
  if (HAL_ADC_ConfigChannel(&hadc1, &sConfig) != HAL_OK)
  {
    Error_Handler();
  }
  /* USER CODE BEGIN ADC1_Init 2 */

  /* USER CODE END ADC1_Init 2 */

}

/**
  * @brief TIM6 Initialization Function
  * @param None
  * @retval None
  */
static void MX_TIM6_Init(void)
{

  /* USER CODE BEGIN TIM6_Init 0 */

  /* USER CODE END TIM6_Init 0 */

  TIM_MasterConfigTypeDef sMasterConfig = {0};

  /* USER CODE BEGIN TIM6_Init 1 */

  /* USER CODE END TIM6_Init 1 */
  htim6.Instance = TIM6;
  htim6.Init.Prescaler = 4;
  htim6.Init.CounterMode = TIM_COUNTERMODE_UP;
  htim6.Init.Period = 2249;
  htim6.Init.AutoReloadPreload = TIM_AUTORELOAD_PRELOAD_DISABLE;
  if (HAL_TIM_Base_Init(&htim6) != HAL_OK)
  {
    Error_Handler();
  }
  sMasterConfig.MasterOutputTrigger = TIM_TRGO_UPDATE;
  sMasterConfig.MasterSlaveMode = TIM_MASTERSLAVEMODE_DISABLE;
  if (HAL_TIMEx_MasterConfigSynchronization(&htim6, &sMasterConfig) != HAL_OK)
  {
    Error_Handler();
  }
  /* USER CODE BEGIN TIM6_Init 2 */

  /* USER CODE END TIM6_Init 2 */

}

/**
  * @brief USART3 Initialization Function
  * @param None
  * @retval None
  */
static void MX_USART3_UART_Init(void)
{

  /* USER CODE BEGIN USART3_Init 0 */

  /* USER CODE END USART3_Init 0 */

  /* USER CODE BEGIN USART3_Init 1 */

  /* USER CODE END USART3_Init 1 */
  huart3.Instance = USART3;
  huart3.Init.BaudRate = 115200;
  huart3.Init.WordLength = UART_WORDLENGTH_8B;
  huart3.Init.StopBits = UART_STOPBITS_1;
  huart3.Init.Parity = UART_PARITY_NONE;
  huart3.Init.Mode = UART_MODE_TX_RX;
  huart3.Init.HwFlowCtl = UART_HWCONTROL_NONE;
  huart3.Init.OverSampling = UART_OVERSAMPLING_16;
  huart3.Init.OneBitSampling = UART_ONE_BIT_SAMPLE_DISABLE;
  huart3.Init.ClockPrescaler = UART_PRESCALER_DIV1;
  huart3.AdvancedInit.AdvFeatureInit = UART_ADVFEATURE_NO_INIT;
  if (HAL_UART_Init(&huart3) != HAL_OK)
  {
    Error_Handler();
  }
  if (HAL_UARTEx_SetTxFifoThreshold(&huart3, UART_TXFIFO_THRESHOLD_1_8) != HAL_OK)
  {
    Error_Handler();
  }
  if (HAL_UARTEx_SetRxFifoThreshold(&huart3, UART_RXFIFO_THRESHOLD_1_8) != HAL_OK)
  {
    Error_Handler();
  }
  if (HAL_UARTEx_DisableFifoMode(&huart3) != HAL_OK)
  {
    Error_Handler();
  }
  /* USER CODE BEGIN USART3_Init 2 */

  /* USER CODE END USART3_Init 2 */

}

/**
  * Enable DMA controller clock
  */
static void MX_DMA_Init(void)
{

  /* DMA controller clock enable */
  __HAL_RCC_DMA1_CLK_ENABLE();

  /* DMA interrupt init */
  /* DMA1_Stream0_IRQn interrupt configuration */
  HAL_NVIC_SetPriority(DMA1_Stream0_IRQn, 0, 0);
  HAL_NVIC_EnableIRQ(DMA1_Stream0_IRQn);

}

/**
  * @brief GPIO Initialization Function
  * @param None
  * @retval None
  */
static void MX_GPIO_Init(void)
{
  GPIO_InitTypeDef GPIO_InitStruct = {0};
  /* USER CODE BEGIN MX_GPIO_Init_1 */

  /* USER CODE END MX_GPIO_Init_1 */

  /* GPIO Ports Clock Enable */
  __HAL_RCC_GPIOC_CLK_ENABLE();
  __HAL_RCC_GPIOA_CLK_ENABLE();
  __HAL_RCC_GPIOB_CLK_ENABLE();
  __HAL_RCC_GPIOD_CLK_ENABLE();
  __HAL_RCC_GPIOG_CLK_ENABLE();
  __HAL_RCC_GPIOE_CLK_ENABLE();

  /*Configure GPIO pin Output Level */
  HAL_GPIO_WritePin(GPIOB, LED_VERDE_Pin|LED_ROJO_Pin, GPIO_PIN_RESET);

  /*Configure GPIO pin Output Level */
  HAL_GPIO_WritePin(LED_AMARILLO_GPIO_Port, LED_AMARILLO_Pin, GPIO_PIN_RESET);

  /*Configure GPIO pin : USER_BTN_Pin */
  GPIO_InitStruct.Pin = USER_BTN_Pin;
  GPIO_InitStruct.Mode = GPIO_MODE_IT_RISING;
  GPIO_InitStruct.Pull = GPIO_NOPULL;
  HAL_GPIO_Init(USER_BTN_GPIO_Port, &GPIO_InitStruct);

  /*Configure GPIO pins : LED_VERDE_Pin LED_ROJO_Pin */
  GPIO_InitStruct.Pin = LED_VERDE_Pin|LED_ROJO_Pin;
  GPIO_InitStruct.Mode = GPIO_MODE_OUTPUT_PP;
  GPIO_InitStruct.Pull = GPIO_NOPULL;
  GPIO_InitStruct.Speed = GPIO_SPEED_FREQ_LOW;
  HAL_GPIO_Init(GPIOB, &GPIO_InitStruct);

  /*Configure GPIO pin : PB13 */
  GPIO_InitStruct.Pin = GPIO_PIN_13;
  GPIO_InitStruct.Mode = GPIO_MODE_AF_PP;
  GPIO_InitStruct.Pull = GPIO_NOPULL;
  GPIO_InitStruct.Speed = GPIO_SPEED_FREQ_LOW;
  GPIO_InitStruct.Alternate = GPIO_AF11_ETH;
  HAL_GPIO_Init(GPIOB, &GPIO_InitStruct);

  /*Configure GPIO pins : PA8 PA11 PA12 */
  GPIO_InitStruct.Pin = GPIO_PIN_8|GPIO_PIN_11|GPIO_PIN_12;
  GPIO_InitStruct.Mode = GPIO_MODE_AF_PP;
  GPIO_InitStruct.Pull = GPIO_NOPULL;
  GPIO_InitStruct.Speed = GPIO_SPEED_FREQ_LOW;
  GPIO_InitStruct.Alternate = GPIO_AF10_OTG1_FS;
  HAL_GPIO_Init(GPIOA, &GPIO_InitStruct);

  /*Configure GPIO pins : PG11 PG13 */
  GPIO_InitStruct.Pin = GPIO_PIN_11|GPIO_PIN_13;
  GPIO_InitStruct.Mode = GPIO_MODE_AF_PP;
  GPIO_InitStruct.Pull = GPIO_NOPULL;
  GPIO_InitStruct.Speed = GPIO_SPEED_FREQ_LOW;
  GPIO_InitStruct.Alternate = GPIO_AF11_ETH;
  HAL_GPIO_Init(GPIOG, &GPIO_InitStruct);

  /*Configure GPIO pin : LED_AMARILLO_Pin */
  GPIO_InitStruct.Pin = LED_AMARILLO_Pin;
  GPIO_InitStruct.Mode = GPIO_MODE_OUTPUT_PP;
  GPIO_InitStruct.Pull = GPIO_NOPULL;
  GPIO_InitStruct.Speed = GPIO_SPEED_FREQ_LOW;
  HAL_GPIO_Init(LED_AMARILLO_GPIO_Port, &GPIO_InitStruct);

  /* EXTI interrupt init*/
  HAL_NVIC_SetPriority(USER_BTN_EXTI_IRQn, 0, 0);
  HAL_NVIC_EnableIRQ(USER_BTN_EXTI_IRQn);

  /* USER CODE BEGIN MX_GPIO_Init_2 */

  /* USER CODE END MX_GPIO_Init_2 */
}

/* USER CODE BEGIN 4 */

void HAL_GPIO_EXTI_Callback(uint16_t GPIO_Pin){
	if(GPIO_Pin == USER_BTN_Pin){

		if (devState == MEASURE){ //Si ya llegó al ultimo estado, vuelve al estado 0 IDLE.
			devState = IDLE;

		} else {
			devState++; //Aqui va cambiando el estado de manera secuencial,0, 1, 2, 3... 0, 1,...
		}
	}
}


void HAL_ADC_ConvCpltCallback(ADC_HandleTypeDef *hadc){

	HAL_TIM_Base_Stop(&htim6);
	HAL_ADC_Stop_DMA(&hadc1);

	adcReady=true;


}

void mandarDatos(int16_t *array, int length)
{
    for (int i = 0; i + FRAME <= length; i += HOP)
    {
        /* ---- 1. REMOVER DC ---- */
        float mean = 0.0f;
        for (int j = 0; j < FRAME; j++) {
            mean += (float)array[i + j];
        }
        mean /= (float)FRAME;

        /* ---- 2. CALCULAR centered Y MAXABS ---- */
        float maxAbs = 0.0f;
        for (int j = 0; j < FRAME; j++) {
            float centered = (float)array[i + j] - mean;
            float a = fabsf(centered);
            if (a > maxAbs) maxAbs = a;
            frame_buff[j] = centered; // temporal; luego dividimos
        }

        if (maxAbs < 1e-9f) maxAbs = 1.0f; // evitar división por cero

        /* ---- 3. NORMALIZAR POR EL PICO DEL FRAME ---- */
        for (int j = 0; j < FRAME; j++) {
            frame_buff[j] = frame_buff[j] / maxAbs; // ahora en [-1, 1]
        }

        /* ---- 4. ENVÍO SERIAL COMO FLOAT ----
        char buffer[32];
        for (int j = 0; j < FRAME; j++) {
            int len = snprintf(buffer, sizeof(buffer), "%.4f\r\n", frame_buff[j]);
            HAL_UART_Transmit(&huart3, (uint8_t*)buffer, len, HAL_MAX_DELAY);
        }*/

        arm_rfft_fast_init_f32(&fft_inst, FRAME);


        //Ventana Hanning
        for (int i = 0; i < FRAME; i++) {
			hann[i] = 0.5f - 0.5f * cosf((2.0f * PI * i) / (FRAME - 1));
		}

        //Frecuencia bin
        for (int i = 0; i < FRAME/2; i++) {
			frecuenciaBin[i] = (float)i * FS / (float)FRAME;
		}

		 /* ---- 5. VENTANA ---- */
		arm_mult_f32(frame_buff, hann, frame_buff, FRAME);

		/* ---- 6. FFT ---- */
		arm_rfft_fast_f32(&fft_inst, frame_buff, spectrum, 0);

		/* ---- 7. MAGNITUD ---- */
		arm_cmplx_mag_f32(spectrum, mag, FRAME/2);

		for(int i = 0; i < FRAME/2; i++) {
			// Convertir cada float a string
			uint8_t len = snprintf(buffer, sizeof(buffer), "%.6f\r\n", mag[i]);
			HAL_UART_Transmit(&huart3, (uint8_t*)buffer, len, HAL_MAX_DELAY);
		}

        HAL_Delay(5);
    }
}


/*
void promedio(float input[][FRAMES], float *resultado){
	for(int i=0;i<FRAMES;i++){
		float suma=0.0f;
		for(int j=0;j<FRAMES;j++){
			suma+=input[j][i];
		}
		resultado[i]=suma/FRAMES;
	}
}*/
/*
void preprocesar_global(int16_t *array, int length, float *clean) {

    // 1) Quitar DC de toda la señal
    float mean = 0.0f;
    for (int i = 0; i < length; i++) {
        mean += (float)array[i];
    }
    mean /= length;

    // 2) Buscar el pico máximo
    float maxVal = 0.0f;
    for (int i = 0; i < length; i++) {
        float v = fabsf((float)array[i] - mean);
        if (v > maxVal) maxVal = v;
    }
    if (maxVal < 1e-9f) maxVal = 1.0f;  // evitar división por cero

    float norm = 1.0f / maxVal;

    // 3) Crear señal limpia
    for (int i = 0; i < length; i++) {
        clean[i] = ((float)array[i] - mean) * norm;
    }

}

void mandarDatos(float *array, int length)
{
	 for (int i = 0; i + FRAME <= length; i += HOP)
	 {
		 ---- 3. ENVÍO SERIAL COMO FLOAT ----
		char buffer[32];
		for (int j = 0; j < FRAME; j++) {
			int len = snprintf(buffer, sizeof(buffer), "%.4f\r\n", clean[j]);
			HAL_UART_Transmit(&huart3, (uint8_t*)buffer, len, HAL_MAX_DELAY);
		}
		HAL_Delay(5);
	 }

}*/

/* USER CODE END 4 */

/**
  * @brief  This function is executed in case of error occurrence.
  * @retval None
  */
void Error_Handler(void)
{
  /* USER CODE BEGIN Error_Handler_Debug */
  /* User can add his own implementation to report the HAL error return state */
  __disable_irq();
  while (1)
  {
  }
  /* USER CODE END Error_Handler_Debug */
}
#ifdef USE_FULL_ASSERT
/**
  * @brief  Reports the name of the source file and the source line number
  *         where the assert_param error has occurred.
  * @param  file: pointer to the source file name
  * @param  line: assert_param error line source number
  * @retval None
  */
void assert_failed(uint8_t *file, uint32_t line)
{
  /* USER CODE BEGIN 6 */
  /* User can add his own implementation to report the file name and line number,
     ex: printf("Wrong parameters value: file %s on line %d\r\n", file, line) */
  /* USER CODE END 6 */
}
#endif /* USE_FULL_ASSERT */
